,Leafname,Compound,KS_index,geneSeqID,Clade,raxml_treename
376,2hg4_chainA_EryKS5_OUTGROUP,2hg4_chainA_EryKS5_OUTGROUP,outgroup,outgroup,out_group_like,2hg4_chainA_EryKS5_OUTGROUP
377,2qo3_chainA_EryKS3_OUTGROUP,2qo3_chainA_EryKS3_OUTGROUP,outgroup,outgroup,out_group_like,2qo3_chainA_EryKS3_OUTGROUP
120,9-methylstreptimidone|KS1|FR878059|CCC21123|SmdI|KS1|?,9-methylstreptimidone,KS1,FR878059,IV_b,9_methylstreptimidone_SmdI_1_KS1_unusualstarter_AMT
298,9-methylstreptimidone|KS2|FR878059|CCC21123|SmdI|KS2|?,9-methylstreptimidone,KS2,FR878059,II_c4,9_methylstreptimidone_SmdI_2_KS2_ozDB
399,9-methylstreptimidone|KS3|FR878059|CCC21123|SmdI|KS3|?,9-methylstreptimidone,KS3,FR878059,V,9_methylstreptimidone_SmdI_3_KS3_vinylogous
219,9-methylstreptimidone|KS4|FR878059|CCC21123|SmdI|KS4|?,9-methylstreptimidone,KS4,FR878059,VI_c,9_methylstreptimidone_SmdI_4_KS4_eDB
492,9-methylstreptimidone|KS5|FR878059|CCC21123|SmdI|KS5|?,9-methylstreptimidone,KS5,FR878059,XI_b,9_methylstreptimidone_SmdI_KS5_5_a_D_Mebketo
108,albicidin|KS1|AJ586576|CAE52339|AlbI|KS1|A,albicidin,KS1,AJ586576,IV_a,albicidin_AlbI_1_KS1_aromaticStarter_AL
440,albicidin|KS2|AJ586576|CAE52339|AlbI|KS2|HM,albicidin,KS2,AJ586576,II_d,albicidin_AlbI_2_KS2_aMeeDB
260,bacillaene_Bamy|KS1|AJ634060|CAG23957|BaeJ|KS1|Agly,bacillaene_Bamy,KS1,AJ634060,I_a,bacillaene_Bamy_BaeJ_1_KS1_Agly
263,bacillaene_Bamy|KS10|AJ634060|CAG23960|BaeN|KS1|Aala,bacillaene_Bamy,KS10,AJ634060,I_a,bacillaene_Bamy_BaeN_1_KS10_AAala
532,bacillaene_Bamy|KS11|AJ634060|CAG23960|BaeN|KS2|shD,bacillaene_Bamy,KS11,AJ634060,VIII,bacillaene_Bamy_BaeN_2_KS11_shDB
534,bacillaene_Bamy|KS12|AJ634060|CAG23960|BaeN|KS3|shD,bacillaene_Bamy,KS12,AJ634060,VIII,bacillaene_Bamy_BaeN_3_KS12_shDB
74,bacillaene_Bamy|KS13|AJ634060|CAG23961|BaeR|KS1|0shD,bacillaene_Bamy,KS13,AJ634060,III_d,bacillaene_Bamy_BaeR_1_KS13_0aMeDB
32,bacillaene_Bamy|KS14|AJ634060|CAG23961|BaeR|KS2|0shDM,bacillaene_Bamy,KS14,AJ634060,III_a,bacillaene_Bamy_BaeR_2_KS14_0shDBMe
530,bacillaene_Bamy|KS2|AJ634060|CAG23957|BaeJ|KS2|R,bacillaene_Bamy,KS2,AJ634060,VIII,bacillaene_Bamy_BaeJ_2_KS2_red
100,bacillaene_Bamy|KS3|AJ634060|CAG23957|BaeJ|KS3|0Hbimod,bacillaene_Bamy,KS3,AJ634060,III_h,bacillaene_Bamy_BaeJ_3_KS3_0Hbimod_bOH
307,bacillaene_Bamy|KS4|AJ634060|CAG23958|BaeL|KS1|zD,bacillaene_Bamy,KS4,AJ634060,II_c1,bacillaene_Bamy_BaeL_1_KS4_zD
351,bacillaene_Bamy|KS5|AJ634060|CAG23958|BaeL|KS2|eD,bacillaene_Bamy,KS5,AJ634060,II_c3,bacillaene_Bamy_BaeL_2_KS5_eD
408,bacillaene_Bamy|KS6|AJ634060|CAG23958|BaeL|KS3|eDB,bacillaene_Bamy,KS6,AJ634060,II_g,bacillaene_Bamy_BaeL_3_KS6_bMeeDB
101,bacillaene_Bamy|KS7|AJ634060|CAG23958|BaeL|KS4|0Hbimod,bacillaene_Bamy,KS7,AJ634060,III_h,bacillaene_Bamy_BaeL_4_KS7_0Hbimod_bOH
305,bacillaene_Bamy|KS8|AJ634060|CAG23959|BaeM|KS1|zD,bacillaene_Bamy,KS8,AJ634060,II_c1,bacillaene_Bamy_BaeM_1_KS8_zDB
434,bacillaene_Bamy|KS9|AJ634060|CAG23959|BaeM|KS2|zDM,bacillaene_Bamy,KS9,AJ634060,II_d,bacillaene_Bamy_BaeM_2_KS9_zDBaMe
261,bacillaene_Bsub|KS1|AL009126|CAB13589|PksJ|KS1|?,bacillaene_Bsub,KS1,AL009126,I_a,bacillaene_Bsub_PksJ_1_KS1_AAgly
46,bacillaene_Bsub|KS10|AL009126|CAB13603|PksM|KS3|?,bacillaene_Bsub,KS10,AL009126,III_f,bacillaene_Bsub_PksM_3_KS10_bOH
262,bacillaene_Bsub|KS11|AL009126|CAB13604|PksN|KS1|?,bacillaene_Bsub,KS11,AL009126,I_a,bacillaene_Bsub_PksN_1_KS11_AAala
533,bacillaene_Bsub|KS12|AL009126|CAB13604|PksN|KS2|?,bacillaene_Bsub,KS12,AL009126,VIII,bacillaene_Bsub_PksN_2_KS12_shDB
535,bacillaene_Bsub|KS13|AL009126|CAB13604|PksN|KS3|?,bacillaene_Bsub,KS13,AL009126,VIII,bacillaene_Bsub_PksN_3_KS13_shDB
73,bacillaene_Bsub|KS14|AL009126|CAB13606|PksR|KS1|?,bacillaene_Bsub,KS14,AL009126,III_d,bacillaene_Bsub_PksR_1_KS14_OaMeDB
33,bacillaene_Bsub|KS15|AL009126|CAB13606|PksR|KS2|?,bacillaene_Bsub,KS15,AL009126,III_a,bacillaene_Bsub_PksR_2_KS15_OshDBaMe
531,bacillaene_Bsub|KS2|AL009126|CAB13589|PksJ|KS2|?,bacillaene_Bsub,KS2,AL009126,VIII,bacillaene_Bsub_PksJ_2_KS2_red
99,bacillaene_Bsub|KS3|AL009126|CAB13589|PksJ|KS3|?,bacillaene_Bsub,KS3,AL009126,III_h,bacillaene_Bsub_PksJ_3_KS3_OHbimod_OH
306,bacillaene_Bsub|KS4|AL009126|CAB13602|PksL|KS1|?,bacillaene_Bsub,KS4,AL009126,II_c1,bacillaene_Bsub_PksL_1_KS4_zD
350,bacillaene_Bsub|KS5|AL009126|CAB13602|PksL|KS2|?,bacillaene_Bsub,KS5,AL009126,II_c3,bacillaene_Bsub_PksL_2_KS5_eD
409,bacillaene_Bsub|KS6|AL009126|CAB13602|PksL|KS3|?,bacillaene_Bsub,KS6,AL009126,II_g,bacillaene_Bsub_PksL_3_KS6_bMeeDB
102,bacillaene_Bsub|KS7|AL009126|CAB13602|PksL|KS4|?,bacillaene_Bsub,KS7,AL009126,III_h,bacillaene_Bsub_PksL_4_KS7_Obimod_bOH
304,bacillaene_Bsub|KS8|AL009126|CAB13603|PksM|KS1|?,bacillaene_Bsub,KS8,AL009126,II_c1,bacillaene_Bsub_PksM_1_KS8_zDB
433,bacillaene_Bsub|KS9|AL009126|CAB13603|PksM|KS2|?,bacillaene_Bsub,KS9,AL009126,II_d,bacillaene_Bsub_PksM_2_KS9_zDBaMe
515,bacillomycin|KS1|AY137375|AAN07012|bamA|KS1|?,bacillomycin,KS1,AY137375,XVII,
112,basiliskamides|KS1|NZ_AXBT01000013|WP_022584875|P615_14890|KS1|?,basiliskamides,KS1,NZ_AXBT01000013,IV_b,basiliskamides_P615_14890_KS5_eDB
503,basiliskamides|KS2|NZ_AXBT01000013|WP_022584874|P615_14885|KS1|?,basiliskamides,KS2,NZ_AXBT01000013,XI_b,basiliskamides_P615_BasF_1_KS1_GNATstarter
502,basiliskamides|KS3|NZ_AXBT01000013|WP_022584873|P615_14880|KS1|?,basiliskamides,KS3,NZ_AXBT01000013,XI_b,basiliskamides_P615_BasE_1_KS2_a_L_Me_red
191,basiliskamides|KS4|NZ_AXBT01000013|WP_022584873|P615_14880|KS2|?,basiliskamides,KS4,NZ_AXBT01000013,VI_c,basiliskamides_P615_BasE_2_KS3_a_D_Meb_D_OH
42,basiliskamides|KS5|NZ_AXBT01000013|WP_022584873|P615_14880|KS3|?,basiliskamides,KS5,NZ_AXBT01000013,III_g,basiliskamides_P615_BasE_3_KS3_bOH
373,bongkrekic_acid|KS1|JX173632|AFN27480|BonA|KS1|?,bongkrekic_acid,KS1,JX173632,out_group_like,bongkrekic_acid_BonA_KS1_1_GNATstarter
496,bongkrekic_acid|KS10|JX173632|AFN27483|BonD|KS1|?,bongkrekic_acid,KS10,JX173632,XI_b,bongkrekic_acid_BonD_1_KS10_a_L_Me
336,bongkrekic_acid|KS11|JX173632|AFN27483|BonD|KS2|?,bongkrekic_acid,KS11,JX173632,II_c3,bongkrekic_acid_BonD_2_KS11_eDB
65,bongkrekic_acid|KS12|JX173632|AFN27483|BonD|KS3|?,bongkrekic_acid,KS12,JX173632,III_d,bongkrekic_acid_BonD_3_KS12_0vinylbranch
404,bongkrekic_acid|KS2|JX173632|AFN27480|BonA|KS2|?,bongkrekic_acid,KS2,JX173632,II_g,bongkrekic_acid_BonA_2_KS2_bMeDB
495,bongkrekic_acid|KS3|JX173632|AFN27480|BonA|KS3|?,bongkrekic_acid,KS3,JX173632,XI_b,bongkrekic_acid_BonA_3_KS3_aMeDB
159,bongkrekic_acid|KS4|JX173632|AFN27480|BonA|KS4|?,bongkrekic_acid,KS4,JX173632,VI_f,bongkrekic_acid_BonA_4_KS4_b_L_OH
333,bongkrekic_acid|KS5|JX173632|AFN27480|BonA|KS5|?,bongkrekic_acid,KS5,JX173632,II_c3,bongkrekic_acid_BonA_5_KS5_DB
96,bongkrekic_acid|KS6|JX173632|AFN27480|BonA|KS6|?,bongkrekic_acid,KS6,JX173632,III_h,bongkrekic_acid_BonA_6_KS6_0bimod_bOH
335,bongkrekic_acid|KS7|JX173632|AFN27481|BonB|KS1|?,bongkrekic_acid,KS7,JX173632,II_c3,bongkrekic_acid_BonB_1_KS7_DB
537,bongkrekic_acid|KS8|JX173632|AFN27481|BonB|KS2|?,bongkrekic_acid,KS8,JX173632,VIII,bongkrekic_acid_BonB_2_KS8_red
334,bongkrekic_acid|KS9|JX173632|AFN27482|BonC|KS1|?,bongkrekic_acid,KS9,JX173632,II_c3,bongkrekic_acid_BonC_1_KS9_eDB
111,bryostatin|KS?|DQ889941|ABM63529|BryX|KS1|GNAT,bryostatin,KS?,DQ889941,IV_b,bryostatin_BryX_1_KS14_GNATstarter
319,bryostatin|KS?|DQ889941|ABM63529|BryX|KS2|0,bryostatin,KS?,DQ889941,II_c3,bryostatin_BryX_2_KS15_0
52,bryostatin|KS?|DQ889941|ABM63529|BryX|KS3|?,bryostatin,KS?,DQ889941,III_e,bryostatin_BryX_3_KS16
88,bryostatin|KS1|DQ889941|ABM63537|BryA|KS1|dH,bryostatin,KS1,DQ889941,IV_e,bryostatin_BryA_1_KS1_lactateStarter
484,bryostatin|KS10|DQ889941|ABM63528|BryC|KS3|?,bryostatin,KS10,DQ889941,XI_b,bryostatin_BryC_3_KS10_adiMebketo
14,bryostatin|KS11|DQ889941|ABM63528|BryC|KS4|0dH,bryostatin,KS11,DQ889941,III_b,bryostatin_BryC_4_KS11_0b_D_OH
143,bryostatin|KS12|DQ889941|ABM63530|BryD|KS1|lH,bryostatin,KS12,DQ889941,VI_f,bryostatin_BryD_1_KS12_b_L_OH
204,bryostatin|KS13|DQ889941|ABM63530|BryD|KS2|0dH,bryostatin,KS13,DQ889941,VI_c,bryostatin_BryD_2_KS13_0b_D_OH
142,bryostatin|KS2|DQ889941|ABM63537|BryA|KS2|lH,bryostatin,KS2,DQ889941,VI_f,bryostatin_BryA_2_KS2_b_L_OH
205,bryostatin|KS3|DQ889941|ABM63537|BryA|KS3|dH,bryostatin,KS3,DQ889941,VI_c,bryostatin_BryA_KS3_3_b_D_OH
129,bryostatin|KS4|DQ889941|ABM63527|BryB|KS1|exoesterB,bryostatin,KS4,DQ889941,XIII,bryostatin_BryB_1_KS4_exoester
483,bryostatin|KS5|DQ889941|ABM63527|BryB|KS2|KdiM,bryostatin,KS5,DQ889941,XI_b,bryostatin_BryB_2_KS5_adiMEbketo
320,bryostatin|KS6|DQ889941|ABM63527|BryB|KS3|eD,bryostatin,KS6,DQ889941,II_c3,bryostatin_BryB_3_KS6_eDB
141,bryostatin|KS7|DQ889941|ABM63527|BryB|KS4|lH,bryostatin,KS7,DQ889941,VI_f,bryostatin_BryB_4_KS7_b_L_OH
128,bryostatin|KS8|DQ889941|ABM63528|BryC|KS1|exoesterB,bryostatin,KS8,DQ889941,XIII,bryostatin_BryC_1_KS8_exoester
359,bryostatin|KS9|DQ889941|ABM63528|BryC|KS2|PY,bryostatin,KS9,DQ889941,IX,bryostatin_BryC_2_KS9_pyran
4,chivosazole|KS10|DQ065771|AAY89051|ChiD|KS1|0OXZ,chivosazole,KS10,DQ065771,III_c,chivosazole_ChiD_1_KS10_0AAoxz
354,chivosazole|KS11|DQ065771|AAY89051|ChiD|KS2|OXZ,chivosazole,KS11,DQ065771,II_c2,chivosazole_ChiD_2_KS11_AAoxz
239,chivosazole|KS12|DQ065771|AAY89051|ChiD|KS3|H_D,chivosazole,KS12,DQ065771,XVIII,chivosazole_ChiD_3_KS12_bimod_bOH
283,chivosazole|KS13|DQ065771|AAY89052|ChiE|KS1|zD,chivosazole,KS13,DQ065771,II_c5_g2,chivosazole_ChiE_1_KS13_zDB_eDB
480,chivosazole|KS14|DQ065771|AAY89052|ChiE|KS2|lHlM,chivosazole,KS14,DQ065771,XI_b,chivosazole_ChiE_2_KS14_a_L_Meb_L_OH
444,chivosazole|KS15|DQ065771|AAY89053|ChiF|KS1|eDM,chivosazole,KS15,DQ065771,II_d,chivosazole_ChiF_1_KS15_aMeeDB
238,chivosazole|KS16|DQ065771|AAY89053|ChiF|KS2|H_D,chivosazole,KS16,DQ065771,XVIII,chivosazole_ChiF_2_KS16_bimod_bOH
281,chivosazole|KS17|DQ065771|AAY89053|ChiF|KS3|eD,chivosazole,KS17,DQ065771,II_c5_g2,chivosazole_ChiF_3_KS17_eDB_zDB
77,chivosazole|KS18|DQ065771|AAY89053|ChiF|KS4|0zD,chivosazole,KS18,DQ065771,III_d,chivosazole_ChiF_4_KS18_0zDB
563,chivosazole|KS2|DQ065771|AAY89049|ChiB|KS2|dH,chivosazole,KS2,DQ065771,noClade,chivosazole_ChiB_2_KS2_b_D_OH
508,chivosazole|KS3|DQ065771|AAY89049|ChiB|KS3|lHlM,chivosazole,KS3,DQ065771,XI_c,chivosazole_ChiB_3_KS3_a_L_Meb_L_OH
478,chivosazole|KS4|DQ065771|AAY89050|ChiC|KS1|dHdM,chivosazole,KS4,DQ065771,XI_a,chivosazole_ChiC_1_KS4_a_D_Meb_D_OH
240,chivosazole|KS5|DQ065771|AAY89050|ChiC|KS2|H_D,chivosazole,KS5,DQ065771,XVIII,chivosazole_ChiC_2_KS5_bimod_bOH
282,chivosazole|KS6|DQ065771|AAY89050|ChiC|KS3|eD,chivosazole,KS6,DQ065771,II_c5_g2,chivosazole_ChiC_3_KS6_eDB_zDB
446,chivosazole|KS7|DQ065771|AAY89050|ChiC|KS4|eD,chivosazole,KS7,DQ065771,II_d,chivosazole_ChiC_4_KS7_eDB
220,chivosazole|KS8|DQ065771|AAY89050|ChiC|KS5|lH,chivosazole,KS8,DQ065771,VI_a,chivosazole_ChiC_5_KS8_b_L_OH
163,chivosazole|KS9|DQ065771|AAY89050|ChiC|KS6|0dHdM,chivosazole,KS9,DQ065771,VI_d,chivosazole_ChiC_6_KS9_0a_D_Meb_D_OH
569,corallopyronin|KS1|HM071004|ADI59531|CorI|KS1|methoxycarbonyl,corallopyronin,KS1,HM071004,noClade,corallopyronin_CorI_1_KS1_unusualStarter_methoxycarbonyl
81,corallopyronin|KS1|HM071004|ADI59533|CorK|KS1|acetyl,corallopyronin,KS1b,HM071004,IV_d,
247,corallopyronin|KS2|HM071004|ADI59531|CorI|KS2|AGly,corallopyronin,KS2,HM071004,I_b,corallopyronin_CorI_2_KS2_AAGly
136,corallopyronin|KS2|HM071004|ADI59533|CorK|KS2|eD,corallopyronin,KS2b,HM071004,II_f,corallopyronin_CorK_2_KS8_eDB
555,corallopyronin|KS3|HM071004|ADI59531|CorI|KS3|eD,corallopyronin,KS3,HM071004,noClade,corallopyronin_CorI_3_KS3_0bimod_eDB
557,corallopyronin|KS3|HM071004|ADI59533|CorK|KS3|R,corallopyronin,KS3b,HM071004,noClade,corallopyronin_CorK_3_KS9_red
564,corallopyronin|KS4|HM071004|ADI59532|CorJ|KS1|shD,corallopyronin,KS4,HM071004,noClade,corallopyronin_CorJ_1_KS4_shDB
576,corallopyronin|KS4|HM071004|ADI59534|CorL|KS1|eDB,corallopyronin,KS4b,HM071004,noClade,corallopyronin_CorL_1_KS10_bMeDB
443,corallopyronin|KS5|HM071004|ADI59532|CorJ|KS2|0RM,corallopyronin,KS5,HM071004,II_d,corallopyronin_CorJ_2_KS5_0aMe
558,corallopyronin|KS5|HM071004|ADI59534|CorL|KS2|R,corallopyronin,KS5b,HM071004,noClade,corallopyronin_CorL_2_KS11_red
568,corallopyronin|KS6|HM071004|ADI59532|CorJ|KS3|RM,corallopyronin,KS6,HM071004,noClade,corallopyronin_CorJ_3_KS6_a_D_Me
395,corallopyronin|KS6|HM071004|ADI59534|CorL|KS3|?,corallopyronin,KS6b,HM071004,XIV,corallopyronin_CorL_3_KS12_bMeDB
82,corallopyronin|KS7|HM071004|ADI59533|corK|KS1|acetyl,corallopyronin,KS7,HM071004,IV_d,corallopyronin_CorK_1_KS7_acetyl
448,corallopyronin|KS7|HM071004|ADI59534|CorL|KS4|?,corallopyronin,KS7b,HM071004,II_d,corallopyronin_CorL_4_KS13_aMeDB
121,cycloheximide|KS1|JX014302|AFO59866|ChxE|KS1|D,cycloheximide,KS1,JX014302,IV_b,cycloheximide_ChxE_1_KS1_unusualStarter_AMT
299,cycloheximide|KS2|JX014302|AFO59866|ChxE|KS2|D,cycloheximide,KS2,JX014302,II_c4,cycloheximide_ChxE_2_KS2_0zDB
400,cycloheximide|KS3|JX014302|AFO59866|ChxE|KS3|mchB,cycloheximide,KS3,JX014302,V,cycloheximide_ChxE_3_KS3_vinylogous
218,cycloheximide|KS4|JX014302|AFO59866|ChxE|KS4|H,cycloheximide,KS4,JX014302,VI_c,cycloheximide_ChxE_4_KS4_b_D_OH
491,cycloheximide|KS5|JX014302|AFO59866|ChxE|KS5|K,cycloheximide,KS5,JX014302,XI_b,cycloheximide_ChxE_5_KS5_a_D_Mebketo
115,diaphorin|KS1|CP003468|AGS06823|DipP|KS1|?,diaphorin,KS1,CP003468,IV_b,diaphorin_DipP_1_KS1_GNATstarter
472,diaphorin|KS10|CP003468|AGS06824|DipO|KS1|?,diaphorin,KS10,CP003468,VII,diaphorin_DipO_1_KS10_rearrangement
519,diaphorin|KS11|CP003468|AGS06824|DipO|KS2|?,diaphorin,KS11,CP003468,VIII,diaphorin_DipO_2_KS11_DB
200,diaphorin|KS2|CP003468|AGS06823|DipP|KS2|?,diaphorin,KS2,CP003468,VI_c,diaphorin_DipP_2_KS2_a_L_Meb_D_OH
230,diaphorin|KS3|CP003468|AGS06823|DipP|KS3|?,diaphorin,KS3,CP003468,XII_b,diaphorin_DipP_3_KS3_exometh
21,diaphorin|KS4|CP003468|AGS06887|DipT|KS1|?,diaphorin,KS4,CP003468,III_a,diaphorin_DipT_1_KS4_0acetal
258,diaphorin|KS5|CP003468|AGS06887|DipT|KS2|?,diaphorin,KS5,CP003468,I_a,diaphorin_DipT_2_KS5_AAgly
214,diaphorin|KS6|CP003468|AGS06887|DipT|KS3|?,diaphorin,KS6,CP003468,VI_c,diaphorin_DipT_3_KS6_b_D_OH
456,diaphorin|KS7|CP003468|AGS06887|DipT|KS4|?,diaphorin,KS7,CP003468,XV,diaphorin_DipT_4_KS7_adiMebOH
371,diaphorin|KS8|CP003468|AGS06887|DipT|KS5|?,diaphorin,KS8,CP003468,IX,diaphorin_DipT_5_KS8_pyran
145,diaphorin|KS9|CP003468|AGS06887|DipT|KS6|?,diaphorin,KS9,CP003468,VI_f,diaphorin_DipT_6_KS9_b_L_OH
93,difficidin|KS?|AJ634062|CAJ57410|DifJ|KS2|?,difficidin,KS?,AJ634062,III_h,difficidin_DifF_1_KS1_unusualStarters_acryloyl
135,difficidin|KS1|AJ634062|CAG23977|DifF|KS1|acryloyl,difficidin,KS1,AJ634062,II_f,difficidin_DifI_4_KS10_bimod_bOH
39,difficidin|KS10|AJ634062|CAJ57409|DifI|KS4|H_D,difficidin,KS10,AJ634062,III_g,difficidin_DifJ_1_KS11_zDB_zDB
280,difficidin|KS11|AJ634062|CAJ57410|DifJ|KS1|zD,difficidin,KS11,AJ634062,II_c5_g1,difficidin_DifJ_2_KS12_obimod_bOH
322,difficidin|KS13|AJ634062|CAJ57411|DifK|KS1|eD,difficidin,KS13,AJ634062,II_c3,difficidin_DifK_1_KS13_eDB
481,difficidin|KS14|AJ634062|CAG23983|DifL|KS1|RM,difficidin,KS14,AJ634062,XI_b,difficidin_DifL_1_KS14_redaMe
429,difficidin|KS2|AJ634062|CAG23977|DifF|KS2|eDM,difficidin,KS2,AJ634062,II_d,difficidin_DifF_2_KS2_aMeeDB
528,difficidin|KS3|AJ634062|CAG23977|DifF|KS3|R,difficidin,KS3,AJ634062,VIII,difficidin_DifF_3_KS3_red
199,difficidin|KS4|AJ634062|CAG23978|DifG|KS1|H,difficidin,KS4,AJ634062,VI_c,difficidin_DifG_1_KS4_OH
106,difficidin|KS5|AJ634062|CAG23978|DifG|KS2|0Hbimod,difficidin,KS5,AJ634062,III_h,difficidin_DifG_2_KS5_0Hbimod_bOH
303,difficidin|KS6|AJ634062|CAJ57408|DifH|KS1|zD,difficidin,KS6,AJ634062,II_c1,difficidin_DifH_1_KS6_zDB
435,difficidin|KS7|AJ634062|CAJ57409|DifI|KS1|zDM,difficidin,KS7,AJ634062,II_d,difficidin_DifI_1_KS7_aMezDB
155,difficidin|KS8|AJ634062|CAJ57409|DifI|KS2|H,difficidin,KS8,AJ634062,VI_f,difficidin_DifI_2_KS8_bOH
529,difficidin|KS9|AJ634062|CAJ57409|DifI|KS3|R,difficidin,KS9,AJ634062,VIII,difficidin_DifI_3_KS9_red
83,disorazole|KS1|DQ013294|AAY32964|DszA|KS1|start,disorazole,KS1,DQ013294,IV_d,disorazole_DszA_1_KS1_acetylStarter
78,disorazole|KS10|DQ013294|AAY32966|DszC|KS2|0OXZ,disorazole,KS10,DQ013294,III_d,disorazole_DszC_1_KS2_0AAoxz
137,disorazole|KS2|DQ013294|AAY32964|DszA|KS2|ecrotonyl,disorazole,KS2,DQ013294,II_f,disorazole_DszA_2_KS2_eDB
479,disorazole|KS3|DQ013294|AAY32964|DszA|KS3|lHdiM,disorazole,KS3,DQ013294,XI_a,disorazole_DszA_3_KS3_adiMeb_L_OH
566,disorazole|KS4|DQ013294|AAY32964|DszA|KS4|dH,disorazole,KS4,DQ013294,noClade,disorazole_DszA_4_KS4_b_D_OH
420,disorazole|KS5|DQ013294|AAY32965|DszB|KS1|zD,disorazole,KS5,DQ013294,II_e,disorazole_DszB_1_KS5_zDB
418,disorazole|KS6|DQ013294|AAY32965|DszB|KS2|zD,disorazole,KS6,DQ013294,II_e,disorazole_DszB_2_KS6_zDB
284,disorazole|KS7|DQ013294|AAY32965|DszB|KS3|eD,disorazole,KS7,DQ013294,II_c5_g2,disorazole_DszB_3_KS7_eDB
71,disorazole|KS8|DQ013294|AAY32965|DszB|KS4|0zD,disorazole,KS8,DQ013294,III_d,disorazole_DszB_4_KS8_0zDB
6,disorazole|KS9|DQ013294|AAY32966|DszC|KS1|0OXZ,disorazole,KS9,DQ013294,III_c,disorazole_DszC_1_KS9_0AAoxz
123,dorrigocin_migrastatin|KS1|GQ274953|ACY01390|MgsE|KS1|malonamyl?,dorrigocin_migrastatin,KS1,GQ274953,IV_b,dorrigocin_migrastatin_MgsE_1_KS1_unusualStarter_AMT
525,dorrigocin_migrastatin|KS10|GQ274953|ACY01392|MgsG|KS1|eD,dorrigocin_migrastatin,KS10,GQ274953,VIII,dorrigocin_migrastatin_MgsG_1_KS10_red
297,dorrigocin_migrastatin|KS2|GQ274953|ACY01390|MgsE|KS2|D,dorrigocin_migrastatin,KS2,GQ274953,II_c4,dorrigocin_migrastatin_MgsE_2_KS2_0zDB
398,dorrigocin_migrastatin|KS3|GQ274953|ACY01390|MgsE|KS3|D?,dorrigocin_migrastatin,KS3,GQ274953,V,dorrigocin_migrastatin_MgsE_3_KS3_vinylogous
217,dorrigocin_migrastatin|KS4|GQ274953|ACY01391|MgsF|KS1|betacyclic,dorrigocin_migrastatin,KS4,GQ274953,VI_c,dorrigocin_migrastatin_MgsF_1_KS4_b_D_OH_eDB
489,dorrigocin_migrastatin|KS5|GQ274953|ACY01391|MgsF|KS2|dH,dorrigocin_migrastatin,KS5,GQ274953,XI_b,dorrigocin_migrastatin_MgsF_2_KS5_a_D_MebketodH
325,dorrigocin_migrastatin|KS6|GQ274953|ACY01391|MgsF|KS3|KdM,dorrigocin_migrastatin,KS6,GQ274953,II_c3,dorrigocin_migrastatin_MgsF_3_KS6_aMeeDB
488,dorrigocin_migrastatin|KS7|GQ274953|ACY01391|MgsF|KS4|eDM,dorrigocin_migrastatin,KS7,GQ274953,XI_b,dorrigocin_migrastatin_MgsF_4_KS7_a_D_Meb_L_OH
490,dorrigocin_migrastatin|KS8|GQ274953|ACY01391|MgsF|KS5|lHdM,dorrigocin_migrastatin,KS8,GQ274953,XI_b,dorrigocin_migrastatin_MgsF_5_KS8_b_L_OH
526,dorrigocin_migrastatin|KS9|GQ274953|ACY01391|MgsF|KS6|lH,dorrigocin_migrastatin,KS9,GQ274953,VIII,dorrigocin_migrastatin_MgsF_6_KS9_eDB
110,elansolid_Cpin|KS1|CP001699|ACU62728|ElsI|KS1|A,elansolid_Cpin,KS1,CP001699,IV_a,elansolid_Cpin_ElsI_1_KS1_aromaticstarter
346,elansolid_Cpin|KS10|CP001699|ACU62722|ElsO|KS3|?,elansolid_Cpin,KS10,CP001699,II_c3,elansolid_Cpin_ElsO_3_KS10_zDB
192,elansolid_Cpin|KS11|CP001699|ACU62721|ElsP|KS1|DM,elansolid_Cpin,KS11,CP001699,VI_c,elansolid_Cpin_ElsP_1_KS11_a_L_Meb_D_OH
139,elansolid_Cpin|KS12|CP001699|ACU62721|ElsP|KS2|H,elansolid_Cpin,KS12,CP001699,VI_f,elansolid_Cpin_ElsP_2_KS12_b_L_OH
427,elansolid_Cpin|KS13|CP001699|ACU62721|ElsP|KS3|DM,elansolid_Cpin,KS13,CP001699,II_d,elansolid_Cpin_ElsP_3_KS13_aMeDB
423,elansolid_Cpin|KS2|CP001699|ACU62728|ElsI|KS2|D,elansolid_Cpin,KS2,CP001699,II_d,elansolid_Cpin_ElsI_2_KS2_eDB
500,elansolid_Cpin|KS3|CP001699|ACU62727|ElsJ|KS1|DM,elansolid_Cpin,KS3,CP001699,XI_b,elansolid_Cpin_ElsJ_1_KS3_adiMeb_D_OH
499,elansolid_Cpin|KS4|CP001699|ACU62727|ElsJ|KS2|M,elansolid_Cpin,KS4,CP001699,XI_b,elansolid_Cpin_ElsJ_2_KS4_aMe
348,elansolid_Cpin|KS5|CP001699|ACU62727|ElsJ|KS3|D,elansolid_Cpin,KS5,CP001699,II_c3,elansolid_Cpin_ElsJ_3_KS5_eDB
407,elansolid_Cpin|KS6|CP001699|ACU62723|ElsN|KS1|B,elansolid_Cpin,KS6,CP001699,II_g,elansolid_Cpin_ElsN_1_KS6_bMeDB
41,elansolid_Cpin|KS7|CP001699|ACU62723|ElsN|KS2|H,elansolid_Cpin,KS7,CP001699,III_g,elansolid_Cpin_ElsN_2_KS7_bimod_b_D_OH
279,elansolid_Cpin|KS8|CP001699|ACU62722|ElsO|KS1|D,elansolid_Cpin,KS8,CP001699,II_c5_g1,elansolid_Cpin_ElsO_1_KS8_eDB
45,elansolid_Cpin|KS9|CP001699|ACU62722|ElsO|KS2|H,elansolid_Cpin,KS9,CP001699,III_f,elansolid_Cpin_ElsO_2_KS9_0bimod_bOH
109,elansolid_Csan|KS1|HQ680975|AEC04356|ElaJ|KS1|?,elansolid_Csan,KS1,HQ680975,IV_a,elansolid_Csan_ElaJ_1_KS1_aromaticstarter
347,elansolid_Csan|KS10|HQ680975|AEC04362|ElaP|KS3|?,elansolid_Csan,KS10,HQ680975,II_c3,elansolid_Csan_ElaP_3_KS10_zDB
193,elansolid_Csan|KS11|HQ680975|AEC04363|ElaQ|KS1|?,elansolid_Csan,KS11,HQ680975,VI_c,elansolid_Csan_ElaQ_1_KS11_a_L_Meb_D_OH
140,elansolid_Csan|KS12|HQ680975|AEC04363|ElaQ|KS2|?,elansolid_Csan,KS12,HQ680975,VI_f,elansolid_Csan_ElaQ_2_KS12_b_L_OH
428,elansolid_Csan|KS13|HQ680975|AEC04363|ElaQ|KS3|?,elansolid_Csan,KS13,HQ680975,II_d,elansolid_Csan_ElaQ_3_KS13_aMeDB
59,elansolid_Csan|KS14|HQ680975|AEC04364|ElaR|KS1|?,elansolid_Csan,KS14,HQ680975,III_d,elansolid_Csan_ElaR_1_KS14_0eDB
424,elansolid_Csan|KS2|HQ680975|AEC04356|ElaJ|KS2|?,elansolid_Csan,KS2,HQ680975,II_d,elansolid_Csan_ElaJ_2_KS2_eDB
501,elansolid_Csan|KS3|HQ680975|AEC04357|ElaK|KS1|?,elansolid_Csan,KS3,HQ680975,XI_b,elansolid_Csan_ElaK_1_KS3_adiMeb_D_OH
498,elansolid_Csan|KS4|HQ680975|AEC04357|ElaK|KS2|?,elansolid_Csan,KS4,HQ680975,XI_b,elansolid_Csan_ElaK_2_KS4_aMe
349,elansolid_Csan|KS5|HQ680975|AEC04357|ElaK|KS3|?,elansolid_Csan,KS5,HQ680975,II_c3,elansolid_Csan_ElaK_3_KS5_eDB
406,elansolid_Csan|KS6|HQ680975|AEC04361|ElaO|KS1|?,elansolid_Csan,KS6,HQ680975,II_g,elansolid_Csan_ElaO_1_KS6_bMeDB
40,elansolid_Csan|KS7|HQ680975|AEC04361|ElaO|KS2|?,elansolid_Csan,KS7,HQ680975,III_g,elansolid_Csan_ElaO_2_KS7_bimod_b_D_OH
278,elansolid_Csan|KS8|HQ680975|AEC04362|ElaP|KS1|?,elansolid_Csan,KS8,HQ680975,II_c5_g1,elansolid_Csan_ElaP_1_KS8_eDB
44,elansolid_Csan|KS9|HQ680975|AEC04362|ElaP|KS2|?,elansolid_Csan,KS9,HQ680975,III_f,elansolid_Csan_ElaP_2_KS9_0bimod_bOH
58,elansolid|KS14|CP001699|ACU62720|ElsQ|KS1|0D,elansolid,KS14,CP001699,III_d,elansolid_ElsQ_1_KS14_0eDB
379,enacyloxin|KS10|CP000442|ABI91464|Bamb_5919|KS1|?,enacyloxin,KS10,CP000442,out_group_like,enacyloxin_Bamb_5919_1_KS10_bketo
67,enacyloxin|KS11|CP000442|ABI91464|Bamb_5919|KS2|?,enacyloxin,KS11,CP000442,III_d,enacyloxin_Bamb_5919_2_KS11_0eDB
382,enacyloxin|KS2|CP000442|ABI91469|Bamb_5924|KS1|?,enacyloxin,KS2,CP000442,out_group_like,enacyloxin_Bamb_5924_2_KS2_eDB
383,enacyloxin|KS3|CP000442|ABI91469|Bamb_5924|KS2|?,enacyloxin,KS3,CP000442,out_group_like,enacyloxin_Bamb_5924_3_KS3_b_D_OH
374,enacyloxin|KS4|CP000442|ABI91468|Bamb_5923|KS1|?,enacyloxin,KS4,CP000442,out_group_like,enacyloxin_Bamb_5923_1_KS4_b_L_OH
381,enacyloxin|KS5|CP000442|ABI91467|Bamb_5922|KS1|?,enacyloxin,KS5,CP000442,out_group_like,enacyloxin_Bamb_5922_1_KS5_b_D_OH
384,enacyloxin|KS7|CP000442|ABI91466|Bamb_5921|KS2|?,enacyloxin,KS7,CP000442,out_group_like,enacyloxin_Bamb_5921_2_KS7_b_D_OH
380,enacyloxin|KS8|CP000442|ABI91465|Bamb_5920|KS1|?,enacyloxin,KS8,CP000442,out_group_like,enacyloxin_Bamb_5920_1_KS8_eDB
375,enacyloxin|KS9|CP000442|ABI91465|Bamb_5920|KS2|?,enacyloxin,KS9,CP000442,out_group_like,enacyloxin_Bamb_5920_2_KS9_aMeDB
119,etnangien|KS1|NC_010162|YP_001613827|EtnD|KS1|Succ,etnangien,KS1,NC_010162,IV_b,etnangien_EtnD_1_KS1_unusualStarters_Succ
51,etnangien|KS10|NC_010162|YP_001613829|EtnF|KS3|lH,etnangien,KS10,NC_010162,III_f,etnangien_EtnF_3_KS10_b_L_OH
543,etnangien|KS11|NC_010162|YP_001613830|EtnG|KS1|R,etnangien,KS11,NC_010162,VIII,etnangien_EtnG_1_KS11_red
50,etnangien|KS12|NC_010162|YP_001613830|EtnG|KS2|lH,etnangien,KS12,NC_010162,III_f,etnangien_EtnG_2_KS12_0b_L_OH
175,etnangien|KS13|NC_010162|YP_001613830|EtnG|KS3|lOMe,etnangien,KS13,NC_010162,VI_e,etnangien_EtnG_3_KS13_b_L_OMe
38,etnangien|KS14|NC_010162|YP_001613830|EtnG|KS4|0Hbimod,etnangien,KS14,NC_010162,III_g,etnangien_EtnG_4_KS14_0bOH
571,etnangien|KS15|NC_010162|YP_001613831|EtnH|KS1|zD,etnangien,KS15,NC_010162,noClade,etnangien_EtnH_1_KS15_bimod_zDB
313,etnangien|KS16|NC_010162|YP_001613831|EtnH|KS2|eD,etnangien,KS16,NC_010162,II_c3,etnangien_EtnH_2_KS16_eDB
507,etnangien|KS17|NC_010162|YP_001613832|EtnI|KS1|RlM,etnangien,KS17,NC_010162,XI_b,etnangien_EtnI_1_KS17_reda_L_Me
194,etnangien|KS18|NC_010162|YP_001613832|EtnI|KS2|dHlM,etnangien,KS18,NC_010162,VI_c,etnangien_EtnI_2_KS18_a_L_Meb_D_OH
195,etnangien|KS19|NC_010162|YP_001613832|EtnI|KS3|dHlM,etnangien,KS19,NC_010162,VI_c,etnangien_EtnI_3_KS19_a_L_Meb_D_OH
130,etnangien|KS2|NC_010162|YP_001613827|EtnD|KS2|eDB,etnangien,KS2,NC_010162,XIII,etnangien_EtnD_2_KS2_eDBbMe
49,etnangien|KS20|NC_010162|YP_001613832|EtnI|KS4|lH,etnangien,KS20,NC_010162,III_f,etnangien_EtnI_4_KS20_0b_L_OH
198,etnangien|KS3|NC_010162|YP_001613827|EtnD|KS3|dH,etnangien,KS3,NC_010162,VI_c,etnangien_EtnD_3_KS3_b_D_OH
342,etnangien|KS4|NC_010162|YP_001613827|EtnD|KS4|eD,etnangien,KS4,NC_010162,II_c3,etnangien_EtnD_4_KS4_eDB
344,etnangien|KS5|NC_010162|YP_001613828|EtnE|KS1|eD,etnangien,KS5,NC_010162,II_c3,etnangien_EtnE_1_KS5_eDB
343,etnangien|KS6|NC_010162|YP_001613828|EtnE|KS2|eD,etnangien,KS6,NC_010162,II_c3,etnangien_EtnE_2_KS6_eDB
414,etnangien|KS7|NC_010162|YP_001613828|EtnE|KS3|eDB,etnangien,KS7,NC_010162,II_g,etnangien_EtnE_3_KS3_eDBbMe
497,etnangien|KS8|NC_010162|YP_001613829|EtnF|KS1|dHlM,etnangien,KS8,NC_010162,XI_b,etnangien_EtnF_1_KS8_a_D_Meb_D_OH
197,etnangien|KS9|NC_010162|YP_001613829|EtnF|KS2|dH,etnangien,KS9,NC_010162,VI_c,etnangien_EtnF_2_KS9_b_D_OH
87,FR901464|KS1|HM047288|ADH01484|Fr9C|KS1|?,FR901464,KS1,HM047288,IV_e,FR901464_Fr9C_1_KS1_unusualstarter_lactate
16,FR901464|KS10|HM047288|ADH01490|Fr9I|KS1|?,FR901464,KS10,HM047288,III_a,FR901464_Fr9GH_2_KS10_exometh
552,FR901464|KS11|HM047288|ADH01490|Fr9I|KS2|?,FR901464,KS11,HM047288,noClade,FR901464_Fr9I_1_KS11_0b_D_OH
8,FR901464|KS2|HM047288|ADH01484|Fr9C|KS2|?,FR901464,KS2,HM047288,III_b,FR901464_Fr9C_2_KS2_0bOH
53,FR901464|KS3|HM047288|ADH01484|Fr9C|KS3|?,FR901464,KS3,HM047288,III_e,FR901464_Fr9C_3_KS3_0eDB
253,FR901464|KS4|HM047288|ADH01485|Fr9D|KS1|?,FR901464,KS4,HM047288,I_a,FR901464_Fr9D_1_KS4_AAthr
494,FR901464|KS5|HM047288|ADH01487|Fr9F|KS1|?,FR901464,KS5,HM047288,XI_b,FR901464_Fr9F_2_KS5_reda_L_Me
358,FR901464|KS6|HM047288|ADH01487|Fr9F|KS2|?,FR901464,KS6,HM047288,IX,FR901464_Fr9F_3_KS6_pyran
438,FR901464|KS7|HM047288|ADH01487|Fr9F|KS3|?,FR901464,KS7,HM047288,II_d,FR901464_Fr9F_4_KS7_aMeeDB
315,FR901464|KS8|HM047288|ADH01488|Fr9G|KS1|?,FR901464,KS8,HM047288,II_c3,FR901464_Fr9GH_1_KS8_eDB
234,FR901464|KS9|HM047288|ADH01489|Fr9H|KS2|?,FR901464,KS9,HM047288,XII_a,FR901464_Fr9GH_3_KS9_b_D_OH
125,griseoviridin|KS1|JX508597|AGN74892|SgvE1|KS1|?,griseoviridin,KS1,JX508597,IV_c,griseoviridin_SgvE1_1_KS1_acetylStarter
180,griseoviridin|KS2|JX508597|AGN74892|SgvE1|KS2|?,griseoviridin,KS2,JX508597,VI_b,griseoviridin_SgvE1_2_KS2_b_D_OH
269,griseoviridin|KS3|JX508597|AGN74893|SgvE2|KS1|?,griseoviridin,KS3,JX508597,I_a,griseoviridin_SgvE2_1_KS3_AAgly
291,griseoviridin|KS4|JX508597|AGN74893|SgvE2|KS2|?,griseoviridin,KS4,JX508597,II_c5_g2,griseoviridin_SgvE2_2_KS4_eDB
397,griseoviridin|KS5|JX508597|AGN74894|SgvE3|KS1|?,griseoviridin,KS5,JX508597,XIV,griseoviridin_SgvE3_1_KS5_eDB
177,griseoviridin|KS6|JX508597|AGN74894|SgvE3|KS2|?,griseoviridin,KS6,JX508597,VI_b,griseoviridin_SgvE3_2_KS6_b_L_OH
2,griseoviridin|KS7|JX508597|AGN74895|SgvE4|KS1|?,griseoviridin,KS7,JX508597,III_c,griseoviridin_SgvE4_1_KS7_b_D_OH
516,iturin|KS1|AB050629|BAB69698|ItuA|KS1|?,iturin,KS1,AB050629,XVII,
113,kalimantacin_batumin|KS1|GU479979|ADD82939|Bat1|KS1|Ac,kalimantacin_batumin,KS1,GU479979,IV_b,kalimantacin_batumin_Bat1_1_KS1_AcStarter
134,kalimantacin_batumin|KS10|GU479979|ADD82941|Bat3|KS3|exometB,kalimantacin_batumin,KS10,GU479979,XIII,kalimantacin_batumin_Bat3_3_KS10_exometh
132,kalimantacin_batumin|KS11|GU479979|ADD82941|Bat3|KS4|RB,kalimantacin_batumin,KS11,GU479979,XIII,kalimantacin_batumin_Bat3_4_KS11_redbMe
259,kalimantacin_batumin|KS2|GU479979|ADD82940|Bat2|KS1|AGly,kalimantacin_batumin,KS2,GU479979,I_a,kalimantacin_batumin_Bat2_1_KS2_AAGly
152,kalimantacin_batumin|KS3|GU479979|ADD82940|Bat2|KS2|H,kalimantacin_batumin,KS3,GU479979,VI_f,kalimantacin_batumin_Bat2_2_KS3_bOH
196,kalimantacin_batumin|KS4|GU479979|ADD82940|Bat2|KS3|H,kalimantacin_batumin,KS4,GU479979,VI_c,kalimantacin_batumin_Bat2_3_KS4_bOH
133,kalimantacin_batumin|KS5|GU479979|ADD82940|Bat2|KS4|RB,kalimantacin_batumin,KS5,GU479979,XIII,kalimantacin_batumin_Bat2_4_KS5_redbMe
340,kalimantacin_batumin|KS6|GU479979|ADD82940|Bat2|KS5|eD,kalimantacin_batumin,KS6,GU479979,II_c3,kalimantacin_batumin_Bat2_5_KS6_eD
95,kalimantacin_batumin|KS7|GU479979|ADD82940|Bat2|KS6|0bimod,kalimantacin_batumin,KS7,GU479979,III_h,kalimantacin_batuminBat2_6_KS7_0bimod_bOH
302,kalimantacin_batumin|KS8|GU479979|ADD82941|Bat3|KS1|zD,kalimantacin_batumin,KS8,GU479979,II_c1,kalimantacin_batumin_Bat3_1_KS8_eDB
517,kalimantacin_batumin|KS9|GU479979|ADD82941|Bat3|KS2|R,kalimantacin_batumin,KS9,GU479979,VIII,kalimantacin_batumin_Bat3_2_KS9_eDB
570,kirromycin|KS1|AM746336|CAN89631|KirAI|KS1|_Ac,kirromycin,KS1,AM746336,noClade,kirromycin_KirAI_1_KS1_AcStarter
221,kirromycin|KS10|AM746336|CAN89634|KirAIV|KS4|lH,kirromycin,KS10,AM746336,VI_a,kirromycin_KirAIV_4_KS10_b_L_OH
578,kirromycin|KS11|AM746336|CAN89634|KirAIV|KS5|dH,kirromycin,KS11,AM746336,noClade,kirromycin_KirAIV_5_KS11_b_D_OH
289,kirromycin|KS12|AM746336|CAN89635|KirAV|KS1|eD,kirromycin,KS12,AM746336,II_c5_g2,kirromycin_KirAV_1_KS12_eDB
243,kirromycin|KS2|AM746336|CAN89631|KirAI|KS2|zcrotonyl,kirromycin,KS2,AM746336,XVIII,kirromycin_KirAI_2_KS2_zcrotonyl
290,kirromycin|KS3|AM746336|CAN89632|KirAII|KS1|eD,kirromycin,KS3,AM746336,II_c5_g2,kirromycin_KirAII_1_KS3_eDB
561,kirromycin|KS4|AM746336|CAN89632|KirAII|KS2|lHdiM,kirromycin,KS4,AM746336,noClade,kirromycin_KirAII_2_KS4_diMb_L_OH
562,kirromycin|KS5|AM746336|CAN89632|KirAII|KS3|dH,kirromycin,KS5,AM746336,noClade,kirromycin_KirAII_3_KS5_b_D_OH
553,kirromycin|KS6|AM746336|CAN89633|KirAIII|KS1|Agly,kirromycin,KS6,AM746336,noClade,kirromycin_KirAIII_4_KS6_AAgly
286,kirromycin|KS7|AM746336|CAN89634|KirAIV|KS1|eD,kirromycin,KS7,AM746336,II_c5_g2,kirromycin_KirAIV_1_KS7_eDB
285,kirromycin|KS8|AM746336|CAN89634|KirAIV|KS2|eDM,kirromycin,KS8,AM746336,II_c5_g2,kirromycin_KirAIV_2_KS8_aMeeDB
560,kirromycin|KS9|AM746336|CAN89634|KirAIV|KS3|KdM,kirromycin,KS9,AM746336,noClade,kirromycin_KirAIV_3_KS9_aMebketo
545,lankacidin|KS1|NC_004808|NP_851440|LkcA|KS1|Agly,lankacidin,KS1,NC_004808,noClade,lankacidin_LkcA_1_KS1_AAgly
442,lankacidin|KS2|NC_004808|NP_851438|LkcC|KS1|eDM,lankacidin,KS2,NC_004808,II_d,lankacidin_LkcC_1_KS2_aMeeDB
288,lankacidin|KS3|NC_004808|NP_851435|LkcF|KS1|eD,lankacidin,KS3,NC_004808,II_c5_g2,lankacidin_LkcF_1_KS3_b_D_OH
546,lankacidin|KS4|NC_004808|NP_851435|LkcF|KS2|dH_eD,lankacidin,KS4,NC_004808,noClade,lankacidin_LkcF_2_KS4_a_D_Meb_L_OH
575,lankacidin|KS5|NC_004808|NP_851434|LkcG|KS1|lHdM,lankacidin,KS5,NC_004808,noClade,lankacidin_LkcG_1_KS5_aMebketo
554,legioliulin|KS1|NZ_CM001371|WP_010652552|LglD|KS1|?,legioliulin,KS1,NZ_CM001371,noClade,legioliulin_LglD_1_KS1_aromaticStarter
270,legioliulin|KS2|NZ_CM001371|WP_010652552|LglD|KS2|?,legioliulin,KS2,NZ_CM001371,II_c5_g1,legioliulin_LglD_2_KS2_eDB
224,legioliulin|KS3|NZ_CM001371|WP_010652552|LglD|KS3|?,legioliulin,KS3,NZ_CM001371,VI_a,legioliulin_LglD_3_KS3_bketo
415,legioliulin|KS4|NZ_CM001371|WP_010652552|LglD|KS4|?,legioliulin,KS4,NZ_CM001371,X,legioliulin_LglD_4_KS4_bketo
372,legioliulin|KS5|NZ_CM001371|WP_010652551|LglE|KS1|?,legioliulin,KS5,NZ_CM001371,out_group_like,legioliulin_LglE_1_KS5_bOH
0,leinamycin|KS1|AF484556|AAN85522|LnmI|KS1|0OXZ,leinamycin,KS1,AF484556,III_c,leinamycin_LnmI_1_KS1_0AAoxz
353,leinamycin|KS2|AF484556|AAN85522|LnmI|KS2|OXZ,leinamycin,KS2,AF484556,II_c2,leinamycin_LnmI_2_KS2_AAoxz
241,leinamycin|KS3|AF484556|AAN85522|LnmI|KS3|zD,leinamycin,KS3,AF484556,XVIII,leinamycin_LnmI_3_KS3_zDB
293,leinamycin|KS4|AF484556|AAN85523|LnmJ|KS1|eD,leinamycin,KS4,AF484556,II_c5_g2,leinamycin_LnmJ_1_KS4_eDB
577,leinamycin|KS5|AF484556|AAN85523|LnmJ|KS2|K,leinamycin,KS5,AF484556,noClade,leinamycin_LnmJ_2_KS5_bketo
447,leinamycin|KS6|AF484556|AAN85523|LnmJ|KS3|eDM,leinamycin,KS6,AF484556,II_d,leinamycin_LnmJ_3_KS6_aMeDB
559,leinamycin|KS7|AF484556|AAN85523|LnmJ|KS4|R,leinamycin,KS7,AF484556,noClade,leinamycin_LnmJ_4_KS7_red
244,luminaolid|KS1|?|?|?|?|?,luminaolid,KS1,?,I_b,luminaolid_LumA_1_KS1_AAgly
462,luminaolid|KS10|?|?|?|?|?,luminaolid,KS10,?,XV,luminaolid_LumC_4_KS10_a_L_Meb_L_OH
11,luminaolid|KS11|?|?|?|?|?,luminaolid,KS11,?,III_b,luminaolid_LumD_1_KS11_0bimod_b_D_OH
174,luminaolid|KS12|?|?|?|?|?,luminaolid,KS12,?,VI_e,luminaolid_LumD_2_KS12_b_D_OMe
208,luminaolid|KS13|?|?|?|?|?,luminaolid,KS13,?,VI_c,luminaolid_LumD_3_KS13_b_D_OH
105,luminaolid|KS14|?|?|?|?|?,luminaolid,KS14,?,III_h,luminaolid_LumD_4_KS14_0bimod_b_D_OH
311,luminaolid|KS15|?|?|?|?|?,luminaolid,KS15,?,II_c1,luminaolid_LumE_1_KS15_zDB
367,luminaolid|KS16|?|?|?|?|?,luminaolid,KS16,?,IX,luminaolid_LumE_2_KS16_pyran
211,luminaolid|KS17|?|?|?|?|?,luminaolid,KS17,?,VI_c,luminaolid_LumE_3_KS17_b_D_OH
62,luminaolid|KS18|?|?|?|?|?,luminaolid,KS18,?,III_d,luminaolid_LumE_4_KS18_0b_D_OH
467,luminaolid|KS2|?|?|?|?|?,luminaolid,KS2,?,II_b,luminaolid_LumA_2_KS2_a_D_MeshDB
165,luminaolid|KS3|?|?|?|?|?,luminaolid,KS3,?,VI_d,luminaolid_LumA_3_KS3_0bimod_a_D_Meb_D_OH
390,luminaolid|KS4|?|?|?|?|?,luminaolid,KS4,?,XIV,luminaolid_LumB_1_KS4_a_D_Meb_D_OMe
161,luminaolid|KS5|?|?|?|?|?,luminaolid,KS5,?,noClade,
273,luminaolid|KS5|?|?|?|?|?,luminaolid,KS5,?,II_c5_g1,luminaolid_LumB_2_KS5_bketo
512,luminaolid|KS6|?|?|?|?|?,luminaolid,KS6,?,XI_c,luminaolid_LumB_3_KS6_reda_L_Me
450,luminaolid|KS7|?|?|?|?|?,luminaolid,KS7,?,XV,luminaolid_LumC_1_KS7_a_L_Meb_L_OMe_a_L_Meb_L_OH
475,luminaolid|KS8|?|?|?|?|?,luminaolid,KS8,?,XI_a,luminaolid_LumC_2_KS8_a_D_Meb_D_OH_b_D_OH
146,luminaolid|KS9|?|?|?|?|?,luminaolid,KS9,?,VI_f,luminaolid_LumC_3_KS9_b_L_OH
80,macrolactin|KS1|AJ634061|CAG23964|Pks2B|KS1|Acetyl,macrolactin,KS1,AJ634061,IV_d,macrolactin_MlnB_1_KS1_acetylStarter
277,macrolactin|KS10|AJ634061|CAG23969|Pks2G|KS1|dH,macrolactin,KS10,AJ634061,II_c5_g1,macrolactin_MlnG
236,macrolactin|KS11|AJ634061|CAG23969|Pks2G|KS2|H_D,macrolactin,KS11,AJ634061,XVIII,macrolactin_MlnG_1_KS11_bimod_bOH
182,macrolactin|KS2|AJ634061|CAG23964|Pks2B|KS2|dH,macrolactin,KS2,AJ634061,VI_b,macrolactin_MlnB_2_KS2_b_D_OH
565,macrolactin|KS3|AJ634061|CAG23964|Pks2B|KS3|R,macrolactin,KS3,AJ634061,noClade,macrolactin_MlnB_3_KS3_red
272,macrolactin|KS4|AJ634061|CAG23965|Pks2C|KS1|eD,macrolactin,KS4,AJ634061,II_c5_g1,macrolactin_MlnC_1_KS4_eDB
275,macrolactin|KS5|AJ634061|CAG23966|Pks2D|KS1|eD,macrolactin,KS5,AJ634061,II_c5_g1,macrolactin_MlnD_1_KS5_eDB
223,macrolactin|KS6|AJ634061|CAG23966|Pks2D|KS2|lH,macrolactin,KS6,AJ634061,VI_a,macrolactin_MlnD_2_KS6_b_D_OH
276,macrolactin|KS7|AJ634061|CAG23967|Pks2E|KS1|dH,macrolactin,KS7,AJ634061,II_c5_g1,macrolactin_MlnE_1_KS7_b_D_OH
237,macrolactin|KS8|AJ634061|CAG23967|Pks2E|KS2|H_D,macrolactin,KS8,AJ634061,XVIII,macrolactin_MlnE_2_KS8_bimod_bOH
271,macrolactin|KS9|AJ634061|CAG23968|Pks2F|KS1|zD,macrolactin,KS9,AJ634061,II_c5_g1,macrolactin_MlnF_1_KS9_zD_zDB
267,malleilactone_burkholderic_acid|KS1|NC_007650|YP_440276|BurA|KS1|?,malleilactone_burkholderic_acid,KS1b,NC_007650,I_a,
421,malleilactone_burkholderic_acid|KS2|NC_007650|YP_440281|BurF|KS2|?,malleilactone_burkholderic_acid,KS2,NC_007650,II_d,malleilactone_burkholderic_acid_BurF_2_KS2_aMeeDB
84,misakinolide|KS1|?|?|?|KS?|?,misakinolide,KS1,?,IV_d,misakinolide_MisC_1_KS1_acetylStarter
461,misakinolide|KS10|?|?|?|KS?|lMlH,misakinolide,KS10,?,XV,misakinolide_MisD_4_KS10_a_L_Meb_L_OH
10,misakinolide|KS11|?|?|?|KS?|0dH,misakinolide,KS11,?,III_b,misakinolide_MisE_1_KS11_0b_D_OH
173,misakinolide|KS12|?|?|?|KS?|dOMe,misakinolide,KS12,?,VI_e,misakinolide_MisE_2_KS12_b_D_OMe
206,misakinolide|KS13|?|?|?|KS?|dH,misakinolide,KS13,?,VI_c,misakinolide_MisE_3_KS13_b_D_OH
103,misakinolide|KS14|?|?|?|KS?|0lH,misakinolide,KS14,?,III_h,misakinolide_MisE_4_KS14_0b_L_OH
312,misakinolide|KS15|?|?|?|KS?|zD,misakinolide,KS15,?,II_c1,misakinolide_MisF_1_KS15_zDB
366,misakinolide|KS16|?|?|?|KS?|PY,misakinolide,KS16,?,IX,misakinolide_MisF_2_KS16_pyran
209,misakinolide|KS17|?|?|?|KS?|dH,misakinolide,KS17,?,VI_c,misakinolide_MisF_3_KS17_b_D_OH
431,misakinolide|KS18|?|?|?|KS?|eDM,misakinolide,KS18,?,II_d,misakinolide_MisF_4_KS18_aMeeDB
63,misakinolide|KS19|?|?|?|KS?|0eD,misakinolide,KS19,?,III_d,misakinolide_MisF_5_KS19_0eDB
222,misakinolide|KS2|?|?|?|KS?|?,misakinolide,KS2,?,VI_a,misakinolide_MisC_2_KS2_b_D_OH
164,misakinolide|KS3|?|?|?|KS?|0dH,misakinolide,KS3,?,VI_d,misakinolide_MisC_3_KS3_0bimod_b_D_OMe
388,misakinolide|KS4|?|?|?|KS?|dOMe,misakinolide,KS4,?,XIV,misakinolide_MisC_4_KS4_bOMe
567,misakinolide|KS5|?|?|?|KS?|lH_or_dPY,misakinolide,KS5,?,noClade,misakinolide_MisC_5_KS5_L_OH_or_D_PY
511,misakinolide|KS6|?|?|?|KS?|RlM,misakinolide,KS6,?,XI_c,misakinolide_MisD_1_KS6_reda_L_Me
451,misakinolide|KS7|?|?|?|KS?|lHlM,misakinolide,KS7,?,XV,misakinolide_MisD_2__KS9_lH
477,misakinolide|KS8|?|?|?|KS?|lH,misakinolide,KS8,?,XI_a,misakinolide_MisD_2_KS8_b_L_OH
148,misakinolide|KS9|?|?|?|KS?|lH,misakinolide,KS9,?,VI_f,misakinolide_MisD_3_KS9_b_L_OH
70,mupirocin|?|AF318063|AAM12925|MmpE|KS1|?,mupirocin,?,AF318063,III_d,mupirocin_MmpE_1_KS9_cyclization
266,mupirocin|?|AF318063|AAM12934|MmpF|KS1|?,mupirocin,?,AF318063,I_a,
25,mupirocin|KS1|AF318063|AAM12909|MmpA|KS1|0dH,mupirocin,KS1,AF318063,III_a,mupirocin_MmpA_1_KS5_0b_D_OH
185,mupirocin|KS2|AF318063|AAM12909|MmpA|KS2|dH,mupirocin,KS2,AF318063,VI_c,mupirocin_MmpA_2_KS6_a_D_OHb_D_OH
330,mupirocin|KS3|AF318063|AAM12909|MmpA|KS3|dH,mupirocin,KS3,AF318063,II_c3,mupirocin_MmpA_3_KS7_b_D_OH
329,mupirocin|KS4|AF318063|AAM12911|MmpB|KS1|,mupirocin,KS4,AF318063,II_c3,mupirocin_MmpB_1_KS8_esterification
126,mupirocin|KS5|AF318063|AAM12913|MmpD|KS1|Ac,mupirocin,KS5,AF318063,IV_c,mupirocin_MmpD_1_KS1_acetylStarter
485,mupirocin|KS6|AF318063|AAM12913|MmpD|KS2|lHlM,mupirocin,KS6,AF318063,XI_b,mupirocin_MmpD_2_KS2_a_L_Meb_L_OH
324,mupirocin|KS7|AF318063|AAM12913|MmpD|KS3|eD,mupirocin,KS7,AF318063,II_c3,mupirocin_MmpD_3_KS3_eDB
487,mupirocin|KS8|AF318063|AAM12913|MmpD|KS4|zDM,mupirocin,KS8,AF318063,XI_b,mupirocin_MmpD_4_KS4_a_D_Me
514,mycosubtilin|KS1|AF184956|AAF08795|MycA|KS1|?,mycosubtilin,KS1,AF184956,XVII,
251,myxovirescin|KS1|CP000113|ABF85931|Ta1|KS1|Agly,myxovirescin,KS1,CP000113,I_a,myxovirescin_Ta1_1_KS1_AAgly
521,myxovirescin|KS10|CP000113|ABF92489|TaO|KS3|R,myxovirescin,KS10,CP000113,VIII,myxovirescin_TaO_3_KS10_bketo
520,myxovirescin|KS11|CP000113|ABF92489|TaO|KS4|R,myxovirescin,KS11,CP000113,VIII,myxovirescin_TaO_4_KS11_red
486,myxovirescin|KS12|CP000113|ABF88102|TaP|KS1|RM,myxovirescin,KS12,CP000113,XI_b,myxovirescin_TaP_1_KS1_reda_D_Me
189,myxovirescin|KS2|CP000113|ABF85931|Ta1|KS2|H,myxovirescin,KS2,CP000113,VI_c,myxovirescin_Ta1_2_KS2_b_L_OH
27,myxovirescin|KS3|CP000113|ABF85931|Ta1|KS3|0H,myxovirescin,KS3,CP000113,III_a,myxovirescin_Ta1_3_KS3_0b_L_OH
184,myxovirescin|KS4|CP000113|ABF85931|Ta1|KS4|H,myxovirescin,KS4,CP000113,VI_c,myxovirescin_Ta1_4_KS4_b_L_OH
527,myxovirescin|KS5|CP000113|ABF85931|Ta1|KS5|R,myxovirescin,KS5,CP000113,VIII,myxovirescin_Ta1_5_KS5_red
402,myxovirescin|KS6|CP000113|ABF85931|Ta1|KS6|eDB,myxovirescin,KS6,CP000113,II_g,myxovirescin_Ta1_6_KS6_eDBbMe
327,myxovirescin|KS7|CP000113|ABF85931|Ta1|KS7|eD,myxovirescin,KS7,CP000113,II_c3,myxovirescin_Ta1_7_KS7_eDB
131,myxovirescin|KS8|CP000113|ABF92489|TaO|KS1|RetB,myxovirescin,KS8,CP000113,XIII,myxovirescin_TaO_1_KS8_redbethyl
536,myxovirescin|KS9|CP000113|ABF92489|TaO|KS2|R,myxovirescin,KS9,CP000113,VIII,myxovirescin_TaO_2_KS9_red
117,nosperin|KS1|GQ979609|ADA69237|NspA|KS1|,nosperin,KS1,GQ979609,IV_b,nosperin_NspA_1_KS1_GNATstarter
203,nosperin|KS2|GQ979609|ADA69237|NspA|KS2|,nosperin,KS2,GQ979609,VI_c,nosperin_NspA_2_KS2_a_L_Meb_D_OH
228,nosperin|KS3|GQ979609|ADA69237|NspA|KS3|,nosperin,KS3,GQ979609,XII_b,nosperin_NspA_3_KS3_exometh
24,nosperin|KS4|GQ979609|ADA69239|NspC|KS1|,nosperin,KS4,GQ979609,III_a,nosperin_NspC_1_KS4_0hacetal
254,nosperin|KS5|GQ979609|ADA69239|NspC|KS2|,nosperin,KS5,GQ979609,I_a,nosperin_NspC_2_KS5_AAgly
76,nosperin|KS6|GQ979609|ADA69239|NspC|KS3|,nosperin,KS6,GQ979609,III_d,nosperin_NspC_3_KS6_0biomod_aMeeDB
469,nosperin|KS7|GQ979609|ADA69239|NspC|KS4|,nosperin,KS7,GQ979609,II_a,nosperin_NspC_4_KS7_aMeshDB
15,nosperin|KS8|GQ979609|ADA69239|NspC|KS5|,nosperin,KS8,GQ979609,III_b,nosperin_NspC_5_KS5_aMebOH
118,onnamide|KS1|AY688304|AAV97870|OnnB|KS1|AcGNAT,onnamide,KS1,AY688304,IV_b,onnamide_OnnB_1_KS1_GNATstarter
75,onnamide|KS10|?|?|?|KS?|0R,onnamide,KS10,?,III_d,onnamide_OnnI_7_KS10_0red
470,onnamide|KS11|AZHW01000002|ETX03789|?|KS1|eD,onnamide,KS11,AZHW01000002,II_a,onnamide_OnnJ_1_KS11_bOH
316,onnamide|KS12|AZHW01000002|ETX03789|?|KS2|eD,onnamide,KS12,AZHW01000002,II_c3,onnamide_OnnJ_2_KS12_bimod_eDB
202,onnamide|KS2|AY688304|AAV97870|OnnB|KS2|dHlM,onnamide,KS2,AY688304,VI_c,onnamide_OnnB_2_KS2_a_L_Me_D_OH
227,onnamide|KS3|AY688304|AAV97870|OnnB|KS3|exometB,onnamide,KS3,AY688304,XII_b,onnamide_OnnB_3_KS3_exometh
23,onnamide|KS4|AY688304|AAV97877|OnnI|KS1|0hemi,onnamide,KS4,AY688304,III_a,onnamide_OnnI_1_KS4_0hacetale
256,onnamide|KS5|AY688304|AAV97877|OnnI|KS2|Agly,onnamide,KS5,AY688304,I_a,onnamide_OnnI_2_KS5_AAgly
213,onnamide|KS6|AY688304|AAV97877|OnnI|KS3|dH,onnamide,KS6,AY688304,VI_c,onnamide_OnnI_3_KS6_b_D_OH
457,onnamide|KS7|?|?|?|KS?|dHdiM,onnamide,KS7,?,XV,onnamide_OnnI_4_KS7_adiMeb_D_OH
369,onnamide|KS8|?|?|?|KS?|PY,onnamide,KS8,?,IX,onnamide_OnnI_5_KS8_pyran
149,onnamide|KS9|?|?|?|KS?|lH,onnamide,KS9,?,VI_f,onnamide_OnnI_6_KS9_b_L_OH
91,oocydin_Ddad|KS1|CP001654|ACS85223|OocJ|KS1|?,oocydin_Ddad,KS1,CP001654,IV_f,oocydin_Ddad_OocJ_1_KS1_unusualStarter
36,oocydin_Ddad|KS10|CP001654|ACS85227|OocN|KS6|?,oocydin_Ddad,KS10,CP001654,III_a,oocydin_Ddad_OocN_6_KS10_0bketo
19,oocydin_Ddad|KS11|CP001654|ACS85231|OocR|KS1|?,oocydin_Ddad,KS11,CP001654,III_a,oocydin_Ddad_OocR_1_KS11_obimod_bOH
523,oocydin_Ddad|KS12|CP001654|ACS85231|OocR|KS2|?,oocydin_Ddad,KS12,CP001654,VIII,oocydin_Ddad_OocR_2_KS12_shDB
458,oocydin_Ddad|KS13|CP001654|ACS85232|OocS|KS1|?,oocydin_Ddad,KS13,CP001654,XV,oocydin_Ddad_OocS_1_KS13_aMebOH
308,oocydin_Ddad|KS14|CP001654|ACS85232|OocS|KS2|?,oocydin_Ddad,KS14,CP001654,II_c1,oocydin_Ddad_OocS_2_KS14_aMezDB
48,oocydin_Ddad|KS15|CP001654|ACS85232|OocS|KS3|?,oocydin_Ddad,KS15,CP001654,III_f,oocydin_Ddad_OocS_3_KS15_0b_L_OH
55,oocydin_Ddad|KS16|CP001654|ACS85232|OocS|KS4|?,oocydin_Ddad,KS16,CP001654,III_e,oocydin_Ddad_OocS_4_KS16_0
226,oocydin_Ddad|KS2|CP001654|ACS85223|OocJ|KS2|?,oocydin_Ddad,KS2,CP001654,XII_b,oocydin_Ddad_OocJ_2_KS2_exometh
474,oocydin_Ddad|KS3|CP001654|ACS85225|OocL|KS1|?,oocydin_Ddad,KS3,CP001654,VII,oocydin_Ddad_OocL_1_KS3_rearrangement
411,oocydin_Ddad|KS4|CP001654|ACS85225|OocL|KS2|?,oocydin_Ddad,KS4,CP001654,II_g,oocydin_Ddad_OocL_2_KS4_eDBbMe
29,oocydin_Ddad|KS5|CP001654|ACS85227|OocN|KS1|?,oocydin_Ddad,KS5,CP001654,III_a,oocydin_Ddad_OocN_1_KS5_0a_D_OHb_L_OH
386,oocydin_Ddad|KS6|CP001654|ACS85227|OocN|KS2|?,oocydin_Ddad,KS6,CP001654,XVI,oocydin_Ddad_OocN_2_KS6_a_D_OHb_L_OH
157,oocydin_Ddad|KS7|CP001654|ACS85227|OocN|KS3|?,oocydin_Ddad,KS7,CP001654,VI_f,oocydin_Ddad_OocN_3_KS7_b_L_OH
361,oocydin_Ddad|KS8|CP001654|ACS85227|OocN|KS4|?,oocydin_Ddad,KS8,CP001654,IX,oocydin_Ddad_OocN_4_KS8_furan
539,oocydin_Ddad|KS9|CP001654|ACS85227|OocN|KS5|?,oocydin_Ddad,KS9,CP001654,VIII,oocydin_Ddad_OocN_5_KS9_red
90,oocydin_Smar|KS1|JX315603|AFX60309|OocJ|KS1|?,oocydin_Smar,KS1,JX315603,IV_f,oocydin_Smar_OocJ_1_KS1_unusualStarter
37,oocydin_Smar|KS10|JX315603|AFX60313|OocN|KS6|?,oocydin_Smar,KS10,JX315603,III_a,oocydin_Smar_OocN_6_KS10_0bketo
20,oocydin_Smar|KS11|JX315603|AFX60317|OocR|KS1|?,oocydin_Smar,KS11,JX315603,III_a,oocydin_Smar_OocR_1_KS11_0bimod_bOH
522,oocydin_Smar|KS12|JX315603|AFX60317|OocR|KS2|?,oocydin_Smar,KS12,JX315603,VIII,oocydin_Smar_OocR_2_KS12_shDB
459,oocydin_Smar|KS13|JX315603|AFX60318|OocS|KS1|?,oocydin_Smar,KS13,JX315603,XV,oocydin_Smar_OocS_1_KS13_aMebOH
309,oocydin_Smar|KS14|JX315603|AFX60318|OocS|KS2|?,oocydin_Smar,KS14,JX315603,II_c1,oocydin_Smar_OocS_2_KS14_aMezDB
47,oocydin_Smar|KS15|JX315603|AFX60318|OocS|KS3|?,oocydin_Smar,KS15,JX315603,III_f,oocydin_Smar_OocS_3_KS15_0b_L_OH
56,oocydin_Smar|KS16|JX315603|AFX60318|OocS|KS4|?,oocydin_Smar,KS16,JX315603,III_e,oocydin_Smar_OocS_4_KS16_0
225,oocydin_Smar|KS2|JX315603|AFX60309|OocJ|KS2|?,oocydin_Smar,KS2,JX315603,XII_b,oocydin_Smar_OocJ_2_KS2_exometh
473,oocydin_Smar|KS3|JX315603|AFX60311|OocL|KS1|?,oocydin_Smar,KS3,JX315603,VII,oocydin_Smar_OocL_1_KS3_rearrangement
412,oocydin_Smar|KS4|JX315603|AFX60311|OocL|KS2|?,oocydin_Smar,KS4,JX315603,II_g,oocydin_Smar_OocL_2_KS4_eDBbMe
28,oocydin_Smar|KS5|JX315603|AFX60313|OocN|KS1|?,oocydin_Smar,KS5,JX315603,III_a,oocydin_Smar_OocN_1_KS5_0a_D_OHb_L_OH
387,oocydin_Smar|KS6|JX315603|AFX60313|OocN|KS2|?,oocydin_Smar,KS6,JX315603,XVI,oocydin_Smar_OocN_2_KS6_a_D_OHb_L_OH
158,oocydin_Smar|KS7|JX315603|AFX60313|OocN|KS3|?,oocydin_Smar,KS7,JX315603,VI_f,oocydin_Smar_OocN_3_KS7_b_L_OH
360,oocydin_Smar|KS8|JX315603|AFX60313|OocN|KS4|?,oocydin_Smar,KS8,JX315603,IX,oocydin_Smar_OocN_4_KS8_furan
538,oocydin_Smar|KS9|JX315603|AFX60313|OocN|KS5|?,oocydin_Smar,KS9,JX315603,VIII,oocydin_Smar_OocN_5_KS9_red
445,oxazolomycin|KS1|EF552687|ABS90470|OzmH|KS1|zDM,oxazolomycin,KS1,EF552687,II_d,oxazolomycin_OzmH_1_KS5_aMezDB
287,oxazolomycin|KS10|EF552687|ABS90475|OzmN|KS2|eD,oxazolomycin,KS10,EF552687,II_c5_g2,oxazolomycin_OzmN_2_KS3_eDB
419,oxazolomycin|KS11|EF552687|ABS90475|OzmN|KS3|zD,oxazolomycin,KS11,EF552687,II_e,oxazolomycin_OzmN_3_KS4_zDB
264,oxazolomycin|KS12|EF552687|ABS90478|OzmQ|KS1|Agly,oxazolomycin,KS12,EF552687,I_a,oxazolomycin_OzmQ_1_KS1_AAgly
248,oxazolomycin|KS2|EF552687|ABS90470|OzmH|KS2|K,oxazolomycin,KS2,EF552687,I_b,oxazolomycin_OzmH_2_KS6_AAgly
294,oxazolomycin|KS3|EF552687|ABS90470|OzmH|KS3|eD,oxazolomycin,KS3,EF552687,II_c5_g2,oxazolomycin_OzmH_3_KS7_eDB
107,oxazolomycin|KS4|EF552687|ABS90470|OzmH|KS4|0eD,oxazolomycin,KS4,EF552687,III_h,oxazolomycin_OzmH_4_KS8_0eDB
300,oxazolomycin|KS5|EF552687|ABS90470|OzmH|KS5|eD,oxazolomycin,KS5,EF552687,II_c1,oxazolomycin_OzmH_5_KS9_eDB
460,oxazolomycin|KS6|EF552687|ABS90471|OzmJ|KS1|lHlM,oxazolomycin,KS6,EF552687,XV,oxazolomycin_OzmJ_1_KS10_a_L_Meb_L_OH
13,oxazolomycin|KS7|EF552687|ABS90471|OzmJ|KS2|0KlOM,oxazolomycin,KS7,EF552687,III_b,oxazolomycin_OzmJ_2_KS11_0a_L_OMebketo
176,oxazolomycin|KS8|EF552687|ABS90472|OzmK|KS1|lOME,oxazolomycin,KS8,EF552687,VI_e,oxazolomycin_OzmK_1_KS12_a_L_OMe
265,oxazolomycin|KS9|EF552687|ABS90475|OzmN|KS1|Aser,oxazolomycin,KS9,EF552687,I_a,oxazolomycin_OzmN_1_KS2_AAoxa
116,pederin|KS1|AY426537|AAR19304|PedI|KS1|AcGNAT,pederin,KS1,AY426537,IV_b,pederin_PedI_1_KS1_GNATStarter
471,pederin|KS10|AY328023|AAS47562|PedH|KS1|?,pederin,KS10,AY328023,VII,pederin_PedH_1_KS10_rearrangement
518,pederin|KS11|AY328023|AAS47562|PedH|KS2|R,pederin,KS11,AY328023,VIII,pederin_PedH_2_KS11_red
317,pederin|KS12|AY328023|AAS47562|PedH|KS3|D,pederin,KS12,AY328023,II_c3,pederin_PedH_3_KS12_bimod_bOH
60,pederin|KS13|AY328023|AAS47562|PedH|KS4|0D,pederin,KS13,AY328023,III_d,pederin_PedH_4_KS13_0eDB
201,pederin|KS2|AY426537|AAR19304|PedI|KS2|dHlM,pederin,KS2,AY426537,VI_c,pederin_PedI_2_KS2_a_L_Meb_D_OH
229,pederin|KS3|AY426537|AAR19304|PedI|KS3|exometB,pederin,KS3,AY426537,XII_b,pederin_PedI_3_KS3_exometh
22,pederin|KS4|AY328023|AAS47564|PedF|KS1|0hemi,pederin,KS4,AY328023,III_a,pederin_PedF_1_KS4_0hacetal
257,pederin|KS5|AY328023|AAS47564|PedF|KS2|Agly,pederin,KS5,AY328023,I_a,pederin_PedF_2_KS5_AAgly
215,pederin|KS6|AY328023|AAS47564|PedF|KS3|dH,pederin,KS6,AY328023,VI_c,pederin_PedF_3_KS6_b_D_OH
455,pederin|KS7|AY328023|AAS47564|PedF|KS4|dHdiM,pederin,KS7,AY328023,XV,pederin_PedF_4_KS7_adiMeb_D_OH
370,pederin|KS8|AY328023|AAS47564|PedF|KS5|PY,pederin,KS8,AY328023,IX,pederin_PedF_5_KS8_pyran
144,pederin|KS9|AY328023|AAS47564|PedF|KS6|lH,pederin,KS9,AY328023,VI_f,pederin_PedF_6_KS9_b_L_OH
89,phormidolide|KS1|ALVN01000014|EKU96424|?|KS1|?,phormidolide,KS1,ALVN01000014,IV_f,phormidolide_EKU96424_PhorK_1_KS1_unusualStarter
385,phormidolide|KS10|ALVN01000014|EKU96420|?|KS2|?,phormidolide,KS10,ALVN01000014,XVI,phormidolide_EKU96420_PhorO_2_KS10_0aOHaMeb_D_OH
150,phormidolide|KS11|ALVN01000014|EKU96420|?|KS3|?,phormidolide,KS11,ALVN01000014,VI_f,phormidolide_EKU96420_PhorO_3_KS11_b_L_OH
365,phormidolide|KS12|ALVN01000014|EKU96420|?|KS4|?,phormidolide,KS12,ALVN01000014,IX,phormidolide_EKU96420_PhorO_4_KS12_furan
231,phormidolide|KS13|ALVN01000014|EKU96419|?|KS1|?,phormidolide,KS13,ALVN01000014,XII_b,phormidolide_EKU96419_PhorP_1_KS13_redbMe
318,phormidolide|KS14|ALVN01000014|EKU96419|?|KS2|?,phormidolide,KS14,ALVN01000014,II_c3,phormidolide_EKU96419_PhorP_2_KS14_b_D_OH
57,phormidolide|KS15|ALVN01000014|EKU96419|?|KS3|?,phormidolide,KS15,ALVN01000014,III_e,phormidolide_EKU96419_PhorP_3_KS15_0eDBbMe
232,phormidolide|KS2|ALVN01000014|EKU96424|?|KS2|?,phormidolide,KS2,ALVN01000014,XII_b,phormidolide_EKU96424_PhorK_2_KS2_exometh
540,phormidolide|KS3|ALVN01000014|EKU96424|?|KS3|?,phormidolide,KS3,ALVN01000014,VIII,phormidolide_EKU96424_PhorK_3_KS3_b_D_OH
183,phormidolide|KS4|ALVN01000014|EKU96423|?|KS1|?,phormidolide,KS4,ALVN01000014,VI_c,phormidolide_EKU96423_PhorL_1_KS4_aMeb_D_OH
187,phormidolide|KS5|ALVN01000014|EKU96423|?|KS2|?,phormidolide,KS5,ALVN01000014,VI_c,phormidolide_EKU96423_PhorL_2_KS5_b_D_OH
454,phormidolide|KS6|ALVN01000014|EKU96423|?|KS3|?,phormidolide,KS6,ALVN01000014,XV,phormidolide_EKU96423_PhorL_3_KS6_adiMeb_D_OH
188,phormidolide|KS7|ALVN01000014|EKU96423|?|KS4|?,phormidolide,KS7,ALVN01000014,VI_c,phormidolide_EKU96423_PhorL_4_KS7_b_D_OH
410,phormidolide|KS8|ALVN01000014|EKU96423|?|KS5|?,phormidolide,KS8,ALVN01000014,II_g,phormidolide_EKU96423PhorL_5_KS8_eDBbMe
30,phormidolide|KS9|ALVN01000014|EKU96420|?|KS1|?,phormidolide,KS9,ALVN01000014,III_a,phormidolide_EKU96420_PhorO_1_KS9_aMe_D_OH
114,psymberin|KS1|FJ823461|ADA82581|PsyA|KS1|GNAT,psymberin,KS1,FJ823461,IV_b,psymberin_PsyA_1_KS1_GNATStarter
416,psymberin|KS10|FJ823461|ADA82585|PsyD|KS8|KM,psymberin,KS10,FJ823461,X,psymberin_PsyD_8_KS10_aMebketo
378,psymberin|KS11|FJ823461|ADA82585|PsyD|KS9|K,psymberin,KS11,FJ823461,out_group_like,psymberin_PsyD_9_KS11_bketo
233,psymberin|KS2|FJ823461|ADA82581|PsyA|KS2|exometB,psymberin,KS2,FJ823461,XII_b,psymberin_PsyA_2_KS2_exometh
26,psymberin|KS3|FJ823461|ADA82585|PsyD|KS1|0lH,psymberin,KS3,FJ823461,III_a,psymberin_PsyD_1_KS3_bimod_0b_L_OH
255,psymberin|KS4|FJ823461|ADA82585|PsyD|KS2|Agly,psymberin,KS4,FJ823461,I_a,psymberin_PsyD_2_KS4_AAgly
212,psymberin|KS5|FJ823461|ADA82585|PsyD|KS3|dH,psymberin,KS5,FJ823461,VI_c,psymberin_PsyD_3_KS5_b_D_OH
453,psymberin|KS6|FJ823461|ADA82585|PsyD|KS4|dHdiM,psymberin,KS6,FJ823461,XV,psymberin_PsyD_4_KS6_adiMeb_D_OH
356,psymberin|KS7|FJ823461|ADA82585|PsyD|KS5|PY,psymberin,KS7,FJ823461,IX,psymberin_PsyD_5_KS7_pyran
464,psymberin|KS8|FJ823461|ADA82585|PsyD|KS6|lHdM,psymberin,KS8,FJ823461,XV,psymberin_PsyD_6_KS8_a_D_Meb_L_OH
160,psymberin|KS9|FJ823461|ADA82585|PsyD|KS7|lH,psymberin,KS9,FJ823461,VI_f,psymberin_PsyD_7_KS9_b_L_OH
246,rhizopodin|KS1|FR854394|CCA89326|RizB|KS1|?,rhizopodin,KS1,FR854394,I_b,rhizopodin_RizB_1_KS1_AAgly
79,rhizopodin|KS10|FR854394|CCA89327|RizC|KS2|?,rhizopodin,KS10,FR854394,III_d,rhizopodin_RizC_2_KS10_b_D_OH
5,rhizopodin|KS11|FR854394|CCA89328|RizD|KS1|?,rhizopodin,KS11,FR854394,III_c,rhizopodin_RizD_1_KS11_0AAoxa
355,rhizopodin|KS12|FR854394|CCA89328|RizD|KS2|?,rhizopodin,KS12,FR854394,II_c2,rhizopodin_RizD_2_KS12_AAoxa
169,rhizopodin|KS13|FR854394|CCA89328|RizD|KS3|?,rhizopodin,KS13,FR854394,VI_d,rhizopodin_RizD_3_KS13_0bimod_b_D_OH
394,rhizopodin|KS14|FR854394|CCA89328|RizD|KS4|?,rhizopodin,KS14,FR854394,XIV,rhizopodin_RizD_4_KS14_b_D_OMe
572,rhizopodin|KS15|FR854394|CCA89328|RizD|KS5|?,rhizopodin,KS15,FR854394,noClade,rhizopodin_RizD_5_KS15_bimod_bOH
295,rhizopodin|KS16|FR854394|CCA89328|RizD|KS6|?,rhizopodin,KS16,FR854394,II_c5_g2,rhizopodin_RizD_6_KS16_eDB
168,rhizopodin|KS17|FR854394|CCA89329|RizE|KS1|?,rhizopodin,KS17,FR854394,VI_d,rhizopodin_RizE_1_KS17_obimod_b_L_OH
393,rhizopodin|KS18|FR854394|CCA89329|RizE|KS2|?,rhizopodin,KS18,FR854394,XIV,rhizopodin_RizE_2_KS18_b_L_OMe
18,rhizopodin|KS19|FR854394|CCA89329|RizE|KS3|?,rhizopodin,KS19,FR854394,III_a,rhizopodin_RizE_3_KS19_0b_L_OH
556,rhizopodin|KS2|FR854394|CCA89326|RizB|KS2|?,rhizopodin,KS2,FR854394,noClade,rhizopodin_RizB_2_KS2_eDB
167,rhizopodin|KS3|FR854394|CCA89326|RizB|KS3|?,rhizopodin,KS3,FR854394,VI_d,rhizopodin_RizB_3_KS3_0bimod_a_D_Meb_D_OH
391,rhizopodin|KS4|FR854394|CCA89326|RizB|KS4|?,rhizopodin,KS4,FR854394,XIV,rhizopodin_RizB_4_KS4_a_D_Meb_D_OMe
573,rhizopodin|KS5|FR854394|CCA89326|RizB|KS5|?,rhizopodin,KS5,FR854394,noClade,rhizopodin_RizB_5_KS5_bketo
509,rhizopodin|KS6|FR854394|CCA89326|RizB|KS6|?,rhizopodin,KS6,FR854394,XI_c,rhizopodin_RizB_6_KS6_reda_L_Me
170,rhizopodin|KS7|FR854394|CCA89326|RizB|KS7|?,rhizopodin,KS7,FR854394,VI_d,rhizopodin_RizB_7_KS7_0bimodb_D_OH
392,rhizopodin|KS8|FR854394|CCA89326|RizB|KS8|?,rhizopodin,KS8,FR854394,XIV,rhizopodin_RizB_8_KS8_b_D_OMe
510,rhizopodin|KS9|FR854394|CCA89327|RizC|KS1|?,rhizopodin,KS9,FR854394,XI_c,rhizopodin_RizC_1_KS9_adiMeb_L_OH
31,rhizoxins|KS1|AM411073|CAL69888|RhiA|KS1|0AcGNAT,rhizoxins,KS1,AM411073,III_a,rhizoxins_RhiA_1_KS1_0GNATStarter
524,rhizoxins|KS10|AM411073|CAL69891|RhiD|KS2|shD,rhizoxins,KS10,AM411073,VIII,rhizoxins_RhiD_2_KS10_shD
72,rhizoxins|KS11|AM411073|CAL69891|RhiD|KS3|0shDdM,rhizoxins,KS11,AM411073,III_d,rhizoxins_RhiD_3_KS11_0bimod_aMeeDB
468,rhizoxins|KS12|AM411073|CAL69893|RhiE|KS1|shDdB,rhizoxins,KS12,AM411073,II_a,rhizoxins_RhiE_1_KS1_aMeshDB
151,rhizoxins|KS13|AM411073|CAL69893|RhiE|KS2|lH,rhizoxins,KS13,AM411073,VI_f,rhizoxins_RhiE_2_KS13_b_L_OH
296,rhizoxins|KS14|AM411073|CAL69893|RhiE|KS3|D,rhizoxins,KS14,AM411073,II_c4,rhizoxins_RhiE_3_KS14_0eDB
401,rhizoxins|KS15|AM411073|CAL69894|RhiF|KS1|mchB,rhizoxins,KS15,AM411073,V,rhizoxins_RhiF_1_KS15_vinylogous
69,rhizoxins|KS16|AM411073|CAL69894|RhiF|KS2|0eD,rhizoxins,KS16,AM411073,III_d,rhizoxins_RhiF_2_KS16_0eDB
3,rhizoxins|KS2|AM411073|CAL69889|RhiB|KS1|0OXZ,rhizoxins,KS2,AM411073,III_c,rhizoxins_RhiB_1_KS2_0AAoxa
352,rhizoxins|KS3|AM411073|CAL69889|RhiB|KS2|OXZ,rhizoxins,KS3,AM411073,II_c2,rhizoxins_RhiB_2_KS3_AAoxa
430,rhizoxins|KS4|AM411073|CAL69889|RhiB|KS3|eDM,rhizoxins,KS4,AM411073,II_d,rhizoxins_RhiB_3_KS4_aMeeDB
321,rhizoxins|KS5|AM411073|CAL69889|RhiB|KS4|eD,rhizoxins,KS5,AM411073,II_c3,rhizoxins_RhiB_4_KS5_eDB
441,rhizoxins|KS6|AM411073|CAL69890|RhiC|KS1|eDM,rhizoxins,KS6,AM411073,II_d,rhizoxins_RhiC_1_KS6_aMeeDB
452,rhizoxins|KS7|AM411073|CAL69890|RhiC|KS2|lHdM,rhizoxins,KS7,AM411073,XV,rhizoxins_RhiC_2_KS7_a_D_Meb_L_OH
190,rhizoxins|KS8|AM411073|CAL69890|RhiC|KS3|dH,rhizoxins,KS8,AM411073,VI_c,rhizoxins_RhiC_3_KS8_b_D_OH
465,rhizoxins|KS9|AM411073|CAL69891|RhiD|KS1|dHM,rhizoxins,KS9,AM411073,XV,rhizoxins_RhiD_1_K9_aMeb_D_OH
331,seudotrienic_acid|KS1|AKJU01000004|EJM18771|?|KS1|?,seudotrienic_acid,KS1,AKJU01000004,II_c3,
425,seudotrienic_acid|KS2|AKJU01000004|EJM18771|?|KS2|?,seudotrienic_acid,KS2,AKJU01000004,II_d,
43,seudotrienic_acid|KS3|AKJU01000004|EJM18771|?|KS3|?,seudotrienic_acid,KS3,AKJU01000004,III_f,
250,seudotrienic_acid|KS4|AKJU01000004|EJM18770|?|KS1|?,seudotrienic_acid,KS4,AKJU01000004,I_a,
34,seudotrienic_acid|KS5|AKJU01000004|EJM18770|?|KS2|?,seudotrienic_acid,KS5,AKJU01000004,III_a,
547,seudotrienic_acid|KS6|AKJU01000004|EJM18770|?|KS3|?,seudotrienic_acid,KS6,AKJU01000004,noClade,
345,seudotrienic_acid|KS7|AKJU01000004|EJM18769|?|KS1|?,seudotrienic_acid,KS7,AKJU01000004,II_c3,
426,seudotrienic_acid|KS8|AKJU01000004|EJM18769|?|KS2|?,seudotrienic_acid,KS8,AKJU01000004,II_d,
68,seudotrienic_acid|KS9|AKJU01000004|EJM18768|?|KS1|?,seudotrienic_acid,KS9,AKJU01000004,III_d,
122,sorangicin|KS1|HM584908|ADN68476|SorA|KS1|?,sorangicin,KS1,HM584908,IV_b,sorangicin_SorA_1_KS1_unusualStarter
337,sorangicin|KS10|HM584908|ADN68477|SorB|KS3|eD,sorangicin,KS10,HM584908,II_c3,sorangicin_SorB_3_KS10_eDB
542,sorangicin|KS11|HM584908|ADN68477|SorB|KS4|R,sorangicin,KS11,HM584908,VIII,sorangicin_SorB_4_KS11_red
437,sorangicin|KS12|HM584908|ADN68478|SorC|KS1|eD,sorangicin,KS12,HM584908,II_d,sorangicin_SorC_1_KS12_eDB
504,sorangicin|KS13|HM584908|ADN68479|SorD|KS1|lH+alphalH,sorangicin,KS13,HM584908,XI_b,sorangicin_SorD_1_KS13_a_L_OHb_L_OH
153,sorangicin|KS14|HM584908|ADN68479|SorD|KS2|lH,sorangicin,KS14,HM584908,VI_f,sorangicin_SorD_2_KS14_b_L_OH
482,sorangicin|KS15|HM584908|ADN68480|SorE|KS1|lHdM,sorangicin,KS15,HM584908,XI_b,sorangicin_SorE_1_KS15_a_D_Mb_L_OH
364,sorangicin|KS16|HM584908|ADN68480|SorE|KS2|lPY,sorangicin,KS16,HM584908,IX,sorangicin_SorE_2_KS16_pyran
339,sorangicin|KS17|HM584908|ADN68480|SorE|KS3|eD,sorangicin,KS17,HM584908,II_c3,sorangicin_SorE_3_KS17_eDB
505,sorangicin|KS18|HM584908|ADN68482|SorG|KS1|lHlM,sorangicin,KS18,HM584908,XI_b,sorangicin_SorG_1_KS18_a_L_Mb_L_OH
171,sorangicin|KS19|HM584908|ADN68482|SorG|KS2|lH,sorangicin,KS19,HM584908,VI_e,sorangicin_SorG_2_KS19_b_L_OH
541,sorangicin|KS2|HM584908|ADN68476|SorA|KS2|R,sorangicin,KS2,HM584908,VIII,sorangicin_SorA_2_KS2_red
362,sorangicin|KS20|HM584908|ADN68483|SorH|KS1|lPY,sorangicin,KS20,HM584908,IX,sorangicin_SorH_1_KS20_pyrane
338,sorangicin|KS21|HM584908|ADN68483|SorH|KS2|eD,sorangicin,KS21,HM584908,II_c3,sorangicin_SorH_2_KS21_eDB
98,sorangicin|KS22|HM584908|ADN68483|SorH|KS3|0bimod,sorangicin,KS22,HM584908,III_h,sorangicin_SorH_3_KS22_0bimod_bOH
341,sorangicin|KS23|HM584908|ADN68484|SorI|KS1|zD,sorangicin,KS23,HM584908,II_c3,sorangicin_SorI_1_KS23_zDB
66,sorangicin|KS24|HM584908|ADN68484|SorI|KS2|0zD,sorangicin,KS24,HM584908,III_d,sorangicin_SorI_2_KS24_0zDB
506,sorangicin|KS3|HM584908|ADN68476|SorA|KS3|RdM,sorangicin,KS3,HM584908,XI_b,sorangicin_SorA_3_KS3_reda_D_Me
436,sorangicin|KS4|HM584908|ADN68476|SorA|KS4|eDM,sorangicin,KS4,HM584908,II_d,sorangicin_SorA_4_KS4_aMeeDB
154,sorangicin|KS5|HM584908|ADN68476|SorA|KS5|lH+alphalH,sorangicin,KS5,HM584908,VI_f,sorangicin_SorA_5_KS5_a_L_OHb_L_OH
405,sorangicin|KS6|HM584908|ADN68476|SorA|KS6|zD,sorangicin,KS6,HM584908,II_g,sorangicin_SorA_6_KS6_zDB
97,sorangicin|KS7|HM584908|ADN68476|SorA|KS7|0bimod,sorangicin,KS7,HM584908,III_h,sorangicin_SorA_7_KS7_0bimod_bOH
64,sorangicin|KS8|HM584908|ADN68477|SorB|KS1|0zD,sorangicin,KS8,HM584908,III_d,sorangicin_SorB_1_KS8_0zDB
363,sorangicin|KS9|HM584908|ADN68477|SorB|KS2|lPY,sorangicin,KS9,HM584908,IX,sorangicin_SorB_2_KS9_pyran
85,tartrolon|KS1|CP001614|ACR13997|TrtD|KS1|?,tartrolon,KS1,CP001614,IV_e,tartrolon_TrtD_1_KS1_unusualStarter_lactate
574,tartrolon|KS10|CP001614|ACR13065|TrtF|KS2|?,tartrolon,KS10,CP001614,noClade,tartrolon_TrtF_2_KS10_0reda_D_Me
549,tartrolon|KS11|CP001614|ACR13065|TrtF|KS3|?,tartrolon,KS11,CP001614,noClade,tartrolon_TrtF_3_KS11_reda_D_Me
550,tartrolon|KS2|CP001614|ACR13997|TrtD|KS2|?,tartrolon,KS2,CP001614,noClade,tartrolon_TrtD_KS2_2_red
242,tartrolon|KS3|CP001614|ACR13997|TrtD|KS3|?,tartrolon,KS3,CP001614,XVIII,tartrolon_TrtD_KS3_3_bimod_bOH
138,tartrolon|KS4|CP001614|ACR12418|TrtE|KS1|?,tartrolon,KS4,CP001614,II_f,tartrolon_TrtE_1_KS4_eDB
92,tartrolon|KS5|CP001614|ACR12418|TrtE|KS2|?,tartrolon,KS5,CP001614,III_h,tartrolon_TrtE_2_KS5_0red
544,tartrolon|KS6|CP001614|ACR12418|TrtE|KS3|?,tartrolon,KS6,CP001614,noClade,tartrolon_TrtE_3_KS6_red
551,tartrolon|KS7|CP001614|ACR12418|TrtE|KS4|?,tartrolon,KS7,CP001614,noClade,tartrolon_TrtE_4_KS7_b_L_OH
548,tartrolon|KS8|CP001614|ACR12418|TrtE|KS5|?,tartrolon,KS8,CP001614,noClade,tartrolon_TrtE_5_KS8_bketo
179,tartrolon|KS9|CP001614|ACR13065|TrtF|KS1|?,tartrolon,KS9,CP001614,VI_b,tartrolon_TrtF_1_KS9_b_D_OH
127,thailandamide|KS1|NC_007650|YP_439868|BTH_II1674|KS1|HPA,thailandamide,KS1,NC_007650,IV_c,thailandamide_TaiD_1_KS1_aromaticStarter
417,thailandamide|KS10|NC_007650|YP_439860|BTH_II1666|KS2|eD,thailandamide,KS10,NC_007650,X,thailandamide_TaiL_2_KS10_bketo
186,thailandamide|KS11|NC_007650|YP_439860|BTH_II1666|KS3|H,thailandamide,KS11,NC_007650,VI_c,thailandamide_TaiL_3_KS11_b_D_OH
328,thailandamide|KS12|NC_007650|YP_439860|BTH_II1666|KS4|eD,thailandamide,KS12,NC_007650,II_c3,thailandamide_TaiL_4_KS12_eDB
413,thailandamide|KS13|NC_007650|YP_439859|BTH_II1665|KS1|eDB,thailandamide,KS13,NC_007650,II_g,thailandamide_TaiM_1_KS13_bMeeDB
326,thailandamide|KS14|NC_007650|YP_439859|BTH_II1665|KS2|eD,thailandamide,KS14,NC_007650,II_c3,thailandamide_TaiM_2_KS14_eDB
422,thailandamide|KS15|NC_007650|YP_439859|BTH_II1665|KS3|eDM,thailandamide,KS15,NC_007650,II_d,thailandamide_TaiM_3_KS15_aMeeDB
12,thailandamide|KS16|NC_007650|YP_439858|BTH_II1664|KS1|0ENOLETH,thailandamide,KS16,NC_007650,III_b,thailandamide_TaiN_1_KS16_0a_D_Meb_D_OH
156,thailandamide|KS2|NC_007650|YP_439868|BTH_II1674|KS2|H,thailandamide,KS2,NC_007650,VI_f,thailandamide_TaiD_2_KS2_b_L_OH
323,thailandamide|KS3|NC_007650|YP_439868|BTH_II1674|KS3|eD,thailandamide,KS3,NC_007650,II_c3,thailandamide_TaiD_3_KS3_eDB
35,thailandamide|KS4|NC_007650|YP_439868|BTH_II1674|KS4|0eD,thailandamide,KS4,NC_007650,III_a,thailandamide_TaiD_4_KS4_0reda_D_Me
249,thailandamide|KS5|NC_007650|YP_439867|BTH_II1673|KS1|Aala,thailandamide,KS5,NC_007650,I_a,thailandamide_TaiE_1_KS5_AAala
332,thailandamide|KS6|NC_007650|YP_439867|BTH_II1673|KS2|eD,thailandamide,KS6,NC_007650,II_c3,thailandamide_TaiE_2_KS6_eDB
403,thailandamide|KS7|NC_007650|YP_439861|BTH_II1667|KS1|eDB,thailandamide,KS7,NC_007650,II_g,thailandamide_TaiK_1_KS7_bMeDB
94,thailandamide|KS8|NC_007650|YP_439861|BTH_II1667|KS2|0eDM,thailandamide,KS8,NC_007650,III_h,thailandamide_TaiK_2_KS8_0bOH
301,thailandamide|KS9|NC_007650|YP_439860|BTH_II1666|KS1|eD,thailandamide,KS9,NC_007650,II_c1,thailandamide_TaiL_1_KS9_eDB
86,thailanstatin|KS1|JX307851|AGN11880|TstC|KS1|?,thailanstatin,KS1,JX307851,IV_e,thailanstatin_TstC_1_KS1_lactateStarter
235,thailanstatin|KS10|JX307851|AGN11882|TstGH|KS3|?,thailanstatin,KS10,JX307851,XII_a,thailanstatin_TstGH_3_KS10_exometh
17,thailanstatin|KS11|JX307851|AGN11883|TstI|KS1|?,thailanstatin,KS11,JX307851,III_a,thailanstatin_TstI_1_KS11_0b_D_OH
7,thailanstatin|KS2|JX307851|AGN11880|TstC|KS2|?,thailanstatin,KS2,JX307851,III_b,thailanstatin_TstC_2_KS2_0bOH
54,thailanstatin|KS3|JX307851|AGN11880|TstC|KS3|?,thailanstatin,KS3,JX307851,III_e,thailanstatin_TstC_3_KS3_0eDB
252,thailanstatin|KS4|JX307851|AGN11881|TstDEF|KS1|?,thailanstatin,KS4,JX307851,I_a,thailanstatin_TstDEF_1_KS4_AAthr
493,thailanstatin|KS5|JX307851|AGN11881|TstDEF|KS2|?,thailanstatin,KS5,JX307851,XI_b,thailanstatin_TstDEF_2_KS5_reda_L_Me
357,thailanstatin|KS6|JX307851|AGN11881|TstDEF|KS3|?,thailanstatin,KS6,JX307851,IX,thailanstatin_TstDEF_3_KS6_pyran
439,thailanstatin|KS7|JX307851|AGN11881|TstDEF|KS4|?,thailanstatin,KS7,JX307851,II_d,thailanstatin_TstDEF_4_KS7_aMeeDB
314,thailanstatin|KS8|JX307851|AGN11882|TstGH|KS1|?,thailanstatin,KS8,JX307851,II_c3,thailanstatin_TstGH_1_KS8_eDB
216,thailanstatin|KS9|JX307851|AGN11882|TstGH|KS2|?,thailanstatin,KS9,JX307851,VI_c,thailanstatin_TstGH_2_KS9_b_D_OH
245,tolytoxin|KS1|?|?|?|KS?|?,tolytoxin,KS1,?,I_b,tolytoxin_TtoC_1_KS1_AAgly
463,tolytoxin|KS10|?|?|?|KS?|?,tolytoxin,KS10,?,XV,tolytoxin_TtoE_4_KS10_a_L_Meb_L_OH
9,tolytoxin|KS11|?|?|?|KS?|?,tolytoxin,KS11,?,III_b,tolytoxin_TtoE_5_KS11_0b_D_OH
172,tolytoxin|KS12|?|?|?|KS?|?,tolytoxin,KS12,?,VI_e,tolytoxin_TtoE_6_KS12_b_D_OMe
207,tolytoxin|KS13|?|?|?|KS?|?,tolytoxin,KS13,?,VI_c,tolytoxin_TtoE_7_KS13_b_D_OH
104,tolytoxin|KS14|?|?|?|KS?|?,tolytoxin,KS14,?,III_h,tolytoxin_TtoE_8_KS14_0bimod_b_D_OH
310,tolytoxin|KS15|?|?|?|KS?|?,tolytoxin,KS15,?,II_c1,tolytoxin_TtoF_1_KS15_zDB
368,tolytoxin|KS16|?|?|?|KS?|?,tolytoxin,KS16,?,IX,tolytoxin_TtoF_2_KS16_pyran
210,tolytoxin|KS17|?|?|?|KS?|?,tolytoxin,KS17,?,VI_c,tolytoxin_TtoF_3_KS17_b_D_OH
432,tolytoxin|KS18|?|?|?|KS?|?,tolytoxin,KS18,?,II_d,tolytoxin_TtoF_4_KS18_aMeeDB
61,tolytoxin|KS19|?|?|?|KS?|?,tolytoxin,KS19,?,III_d,tolytoxin_TtoF_5_KS19_0eDB
466,tolytoxin|KS2|?|?|?|KS?|?,tolytoxin,KS2,?,II_b,tolytoxin_TtoC_2_KS2_a_D_MeshDB
166,tolytoxin|KS3|?|?|?|KS?|?,tolytoxin,KS3,?,VI_d,tolytoxin_TtoC_3_KS3_0a_D_Meb_D_OH
389,tolytoxin|KS4|?|?|?|KS?|?,tolytoxin,KS4,?,XIV,tolytoxin_TtoD_1_KS4_a_D_Meb_D_OMe
162,tolytoxin|KS5|?|?|?|KS?|?,tolytoxin,KS5,?,noClade,
274,tolytoxin|KS5|?|?|?|KS?|?,tolytoxin,KS5,?,II_c5_g1,tolytoxin_TtoD_2_KS5_bketo
513,tolytoxin|KS6|?|?|?|KS?|?,tolytoxin,KS6,?,XI_c,tolytoxin_TtoD_3_KS6_reda_L_Me
449,tolytoxin|KS7|?|?|?|KS?|?,tolytoxin,KS7,?,XV,tolytoxin_TtoE_1_KS7_a_D_Meb_D_OH
476,tolytoxin|KS8|?|?|?|KS?|?,tolytoxin,KS8,?,XI_a,tolytoxin_TtoE_2_KS8_a_D_Me_D_OH
147,tolytoxin|KS9|?|?|?|KS?|?,tolytoxin,KS9,?,VI_f,tolytoxin_TtoE_3_KS9_b_L_OH
124,virginiamycin|KS1|AB283030|BAF50727|VirA|KS1|,virginiamycin,KS1,AB283030,IV_c,virginiamycin_VirA_1_KS1_unusualstarter
181,virginiamycin|KS2|AB283030|BAF50727|VirA|KS2|dHlM,virginiamycin,KS2,AB283030,VI_b,virginiamycin_VirA_2_KS2_a_L_Meb_D_OH
268,virginiamycin|KS3|AB283030|BAF50727|VirA|KS3|Agly,virginiamycin,KS3,AB283030,I_a,virginiamycin_VirA_3_KS3_AAgly
292,virginiamycin|KS4|AB283030|BAF50727|VirA|KS4|eD,virginiamycin,KS4,AB283030,II_c5_g2,virginiamycin_VirA_4_KS4_eDB
396,virginiamycin|KS5|AB283030|BAF50722|VirF|KS1|?,virginiamycin,KS5,AB283030,XIV,virginiamycin_VirF_1_KS5_bMeeDB
178,virginiamycin|KS6|AB283030|BAF50721|VirG|KS1|dH,virginiamycin,KS6,AB283030,VI_b,virginiamycin_VirG_1_KS6_b_D_OH
1,virginiamycin|KS7|AB283030|BAF50720|VirH|KS1|0OXZ,virginiamycin,KS7,AB283030,III_c,virginiamycin_VirH_1_KS7_0AAoxz
